Index,NAME,DATE,TAVG,TMAX,TMIN,Season
626,O'ahu,29 September 2015,69,78,63,Autumn
627,O'ahu,30 September 2015,69,78,63,Autumn
628,O'ahu,01 October 2015,70,82,63,Autumn
632,O'ahu,05 October 2015,72,85,63,Autumn
635,O'ahu,08 October 2015,68,77,63,Autumn
646,O'ahu,19 October 2015,72,83,63,Autumn
652,O'ahu,25 October 2015,68,75,63,Autumn
658,O'ahu,31 October 2015,69,77,63,Autumn
659,O'ahu,01 November 2015,69,78,63,Winter
660,O'ahu,02 November 2015,69,77,63,Winter
661,O'ahu,03 November 2015,69,80,63,Winter
666,O'ahu,08 November 2015,68,77,63,Winter
667,O'ahu,09 November 2015,67,76,63,Winter
668,O'ahu,10 November 2015,67,75,63,Winter
670,O'ahu,12 November 2015,66,73,63,Winter
671,O'ahu,13 November 2015,65,68,63,Winter
676,O'ahu,18 November 2015,69,79,63,Winter
678,O'ahu,20 November 2015,66,69,63,Winter
682,O'ahu,24 November 2015,66,68,63,Winter
831,O'ahu,23 April 2016,67,73,63,Spring
845,O'ahu,07 May 2016,65,68,63,Summer
851,O'ahu,13 May 2016,65,67,63,Summer
857,O'ahu,19 May 2016,68,76,63,Summer
858,O'ahu,20 May 2016,68,76,63,Summer
859,O'ahu,21 May 2016,68,74,63,Summer
874,O'ahu,05 June 2016,65,68,63,Summer
878,O'ahu,09 June 2016,69,78,63,Summer
879,O'ahu,10 June 2016,70,79,63,Summer
882,O'ahu,13 June 2016,69,80,63,Summer
884,O'ahu,15 June 2016,68,75,63,Summer
885,O'ahu,16 June 2016,69,76,63,Summer
886,O'ahu,17 June 2016,69,79,63,Summer
887,O'ahu,18 June 2016,69,76,63,Summer
888,O'ahu,19 June 2016,69,78,63,Summer
890,O'ahu,21 June 2016,69,77,63,Summer
891,O'ahu,22 June 2016,69,79,63,Summer
895,O'ahu,26 June 2016,70,79,63,Summer
896,O'ahu,27 June 2016,70,80,63,Summer
903,O'ahu,04 July 2016,69,77,63,Summer
904,O'ahu,05 July 2016,71,81,63,Summer
907,O'ahu,08 July 2016,71,80,63,Summer
908,O'ahu,09 July 2016,70,79,63,Summer
912,O'ahu,13 July 2016,69,78,63,Summer
918,O'ahu,19 July 2016,69,77,63,Summer
928,O'ahu,29 July 2016,71,80,63,Summer
948,O'ahu,18 August 2016,72,82,63,Autumn
951,O'ahu,21 August 2016,71,78,63,Autumn
955,O'ahu,25 August 2016,71,81,63,Autumn
957,O'ahu,27 August 2016,69,74,63,Autumn
966,O'ahu,05 September 2016,69,78,63,Autumn
967,O'ahu,06 September 2016,69,79,63,Autumn
968,O'ahu,07 September 2016,69,79,63,Autumn
970,O'ahu,09 September 2016,70,80,63,Autumn
972,O'ahu,11 September 2016,71,79,63,Autumn
980,O'ahu,19 September 2016,69,78,63,Autumn
1004,O'ahu,13 October 2016,70,79,63,Autumn
1012,O'ahu,21 October 2016,69,77,63,Autumn
1013,O'ahu,22 October 2016,68,77,63,Autumn
1014,O'ahu,23 October 2016,68,76,63,Autumn
1015,O'ahu,24 October 2016,69,79,63,Autumn
1022,O'ahu,31 October 2016,67,74,63,Autumn
1036,O'ahu,14 November 2016,69,78,63,Winter
1037,O'ahu,15 November 2016,68,78,63,Winter
1041,O'ahu,19 November 2016,68,77,63,Winter
1042,O'ahu,20 November 2016,66,72,63,Winter
1057,O'ahu,05 December 2016,65,69,63,Winter
1058,O'ahu,06 December 2016,67,74,63,Winter
1204,O'ahu,01 May 2017,67,80,63,Summer
1205,O'ahu,02 May 2017,65,71,63,Summer
1207,O'ahu,04 May 2017,70,82,63,Summer
1239,O'ahu,05 June 2017,70,81,63,Summer
1240,O'ahu,06 June 2017,69,81,63,Summer
1245,O'ahu,11 June 2017,71,80,63,Summer
1250,O'ahu,16 June 2017,68,77,63,Summer
1251,O'ahu,17 June 2017,69,78,63,Summer
1252,O'ahu,18 June 2017,67,76,63,Summer
1254,O'ahu,20 June 2017,69,78,63,Summer
1263,O'ahu,29 June 2017,69,78,63,Summer
1264,O'ahu,30 June 2017,68,78,63,Summer
1265,O'ahu,01 July 2017,68,77,63,Summer
1273,O'ahu,09 July 2017,69,78,63,Summer
1277,O'ahu,13 July 2017,71,79,63,Summer
1283,O'ahu,19 July 2017,70,83,63,Summer
1294,O'ahu,30 July 2017,70,82,63,Summer
1299,O'ahu,04 August 2017,71,78,63,Autumn
1304,O'ahu,09 August 2017,69,78,63,Autumn
1307,O'ahu,12 August 2017,71,82,63,Autumn
1308,O'ahu,13 August 2017,70,82,63,Autumn
1309,O'ahu,14 August 2017,69,79,63,Autumn
1310,O'ahu,15 August 2017,70,81,63,Autumn
1311,O'ahu,16 August 2017,70,81,63,Autumn
1322,O'ahu,27 August 2017,72,82,63,Autumn
1325,O'ahu,30 August 2017,70,80,63,Autumn
1331,O'ahu,05 September 2017,69,74,63,Autumn
1337,O'ahu,11 September 2017,68,79,63,Autumn
1343,O'ahu,17 September 2017,68,78,63,Autumn
1344,O'ahu,18 September 2017,68,77,63,Autumn
1345,O'ahu,19 September 2017,69,76,63,Autumn
1355,O'ahu,29 September 2017,68,78,63,Autumn
1359,O'ahu,03 October 2017,70,80,63,Autumn
1362,O'ahu,06 October 2017,71,83,63,Autumn
1367,O'ahu,11 October 2017,70,78,63,Autumn
1371,O'ahu,15 October 2017,67,74,63,Autumn
1375,O'ahu,19 October 2017,68,74,63,Autumn
1377,O'ahu,21 October 2017,70,82,63,Autumn
1379,O'ahu,23 October 2017,68,76,63,Autumn
1390,O'ahu,03 November 2017,71,81,63,Winter
1395,O'ahu,08 November 2017,69,78,63,Winter
1397,O'ahu,10 November 2017,71,79,63,Winter
1414,O'ahu,27 November 2017,65,68,63,Winter
1417,O'ahu,30 November 2017,66,69,63,Winter
1418,O'ahu,01 December 2017,69,79,63,Winter
1545,O'ahu,07 April 2018,67,72,63,Spring
1547,O'ahu,09 April 2018,67,72,63,Spring
1550,O'ahu,12 April 2018,69,77,63,Spring
1551,O'ahu,13 April 2018,67,75,63,Spring
1553,O'ahu,15 April 2018,67,76,63,Spring
1588,O'ahu,20 May 2018,69,79,63,Summer
1590,O'ahu,22 May 2018,68,76,63,Summer
1598,O'ahu,30 May 2018,66,71,63,Summer
1602,O'ahu,03 June 2018,70,80,63,Summer
1604,O'ahu,05 June 2018,69,78,63,Summer
1606,O'ahu,07 June 2018,70,80,63,Summer
1607,O'ahu,08 June 2018,70,77,63,Summer
1609,O'ahu,10 June 2018,69,78,63,Summer
1610,O'ahu,11 June 2018,69,77,63,Summer
1611,O'ahu,12 June 2018,67,77,63,Summer
1612,O'ahu,13 June 2018,69,78,63,Summer
1613,O'ahu,14 June 2018,68,73,63,Summer
1614,O'ahu,15 June 2018,69,81,63,Summer
1622,O'ahu,23 June 2018,69,77,63,Summer
1623,O'ahu,24 June 2018,69,79,63,Summer
1628,O'ahu,29 June 2018,69,80,63,Summer
1634,O'ahu,05 July 2018,72,86,63,Summer
1638,O'ahu,09 July 2018,68,76,63,Summer
1667,O'ahu,07 August 2018,71,85,63,Autumn
1672,O'ahu,12 August 2018,71,82,63,Autumn
1673,O'ahu,13 August 2018,70,79,63,Autumn
640,O'ahu,13 October 2015,70,78,61,Autumn
672,O'ahu,14 November 2015,65,74,61,Winter
673,O'ahu,15 November 2015,67,78,61,Winter
674,O'ahu,16 November 2015,67,75,61,Winter
675,O'ahu,17 November 2015,66,73,61,Winter
679,O'ahu,21 November 2015,67,74,61,Winter
691,O'ahu,03 December 2015,66,76,61,Winter
695,O'ahu,07 December 2015,66,75,61,Winter
699,O'ahu,11 December 2015,66,77,61,Winter
703,O'ahu,15 December 2015,65,72,61,Winter
704,O'ahu,16 December 2015,66,75,61,Winter
705,O'ahu,17 December 2015,65,73,61,Winter
711,O'ahu,23 December 2015,65,73,61,Winter
713,O'ahu,25 December 2015,67,76,61,Winter
774,O'ahu,26 February 2016,65,72,61,Spring
781,O'ahu,04 March 2016,64,69,61,Spring
792,O'ahu,15 March 2016,64,70,61,Spring
802,O'ahu,25 March 2016,65,71,61,Spring
817,O'ahu,09 April 2016,67,78,61,Spring
822,O'ahu,14 April 2016,66,76,61,Spring
824,O'ahu,16 April 2016,67,77,61,Spring
834,O'ahu,26 April 2016,68,77,61,Spring
835,O'ahu,27 April 2016,67,75,61,Spring
836,O'ahu,28 April 2016,66,76,61,Spring
838,O'ahu,30 April 2016,67,76,61,Spring
840,O'ahu,02 May 2016,69,78,61,Summer
841,O'ahu,03 May 2016,69,78,61,Summer
842,O'ahu,04 May 2016,67,77,61,Summer
844,O'ahu,06 May 2016,65,71,61,Summer
846,O'ahu,08 May 2016,66,70,61,Summer
847,O'ahu,09 May 2016,66,72,61,Summer
849,O'ahu,11 May 2016,64,68,61,Summer
854,O'ahu,16 May 2016,68,77,61,Summer
855,O'ahu,17 May 2016,68,77,61,Summer
861,O'ahu,23 May 2016,69,79,61,Summer
865,O'ahu,27 May 2016,67,76,61,Summer
873,O'ahu,04 June 2016,67,75,61,Summer
877,O'ahu,08 June 2016,66,74,61,Summer
982,O'ahu,21 September 2016,70,80,61,Autumn
1000,O'ahu,09 October 2016,68,77,61,Autumn
1007,O'ahu,16 October 2016,69,81,61,Autumn
1020,O'ahu,29 October 2016,65,71,61,Autumn
1024,O'ahu,02 November 2016,67,78,61,Winter
1027,O'ahu,05 November 2016,69,82,61,Winter
1032,O'ahu,10 November 2016,67,76,61,Winter
1039,O'ahu,17 November 2016,68,80,61,Winter
1040,O'ahu,18 November 2016,68,76,61,Winter
1044,O'ahu,22 November 2016,63,68,61,Winter
1047,O'ahu,25 November 2016,64,72,61,Winter
1049,O'ahu,27 November 2016,64,72,61,Winter
1052,O'ahu,30 November 2016,65,72,61,Winter
1056,O'ahu,04 December 2016,65,72,61,Winter
1065,O'ahu,13 December 2016,63,69,61,Winter
1070,O'ahu,18 December 2016,62,64,61,Winter
1071,O'ahu,19 December 2016,69,79,61,Winter
1076,O'ahu,24 December 2016,65,72,61,Winter
1078,O'ahu,26 December 2016,65,72,61,Winter
1107,O'ahu,24 January 2017,63,68,61,Winter
1127,O'ahu,13 February 2017,67,75,61,Spring
1131,O'ahu,17 February 2017,66,74,61,Spring
1148,O'ahu,06 March 2017,64,69,61,Spring
1154,O'ahu,12 March 2017,66,74,61,Spring
1162,O'ahu,20 March 2017,69,80,61,Spring
1173,O'ahu,31 March 2017,67,76,61,Spring
1176,O'ahu,03 April 2017,67,77,61,Spring
1177,O'ahu,04 April 2017,68,78,61,Spring
1183,O'ahu,10 April 2017,66,75,61,Spring
1192,O'ahu,19 April 2017,63,66,61,Spring
1195,O'ahu,22 April 2017,69,80,61,Spring
1196,O'ahu,23 April 2017,68,76,61,Spring
1198,O'ahu,25 April 2017,68,77,61,Spring
1200,O'ahu,27 April 2017,67,75,61,Spring
1206,O'ahu,03 May 2017,68,73,61,Summer
1208,O'ahu,05 May 2017,68,78,61,Summer
1209,O'ahu,06 May 2017,67,77,61,Summer
1211,O'ahu,08 May 2017,66,73,61,Summer
1212,O'ahu,09 May 2017,67,75,61,Summer
1214,O'ahu,11 May 2017,65,69,61,Summer
1218,O'ahu,15 May 2017,64,71,61,Summer
1225,O'ahu,22 May 2017,66,73,61,Summer
1227,O'ahu,24 May 2017,69,81,61,Summer
1228,O'ahu,25 May 2017,67,77,61,Summer
1229,O'ahu,26 May 2017,65,73,61,Summer
1296,O'ahu,01 August 2017,69,77,61,Autumn
1326,O'ahu,31 August 2017,69,80,61,Autumn
1327,O'ahu,01 September 2017,69,81,61,Autumn
1329,O'ahu,03 September 2017,66,76,61,Autumn
1334,O'ahu,08 September 2017,69,78,61,Autumn
1351,O'ahu,25 September 2017,68,76,61,Autumn
1356,O'ahu,30 September 2017,66,71,61,Autumn
1358,O'ahu,02 October 2017,66,73,61,Autumn
1364,O'ahu,08 October 2017,66,74,61,Autumn
1373,O'ahu,17 October 2017,65,73,61,Autumn
1388,O'ahu,01 November 2017,67,75,61,Winter
1402,O'ahu,15 November 2017,66,73,61,Winter
1403,O'ahu,16 November 2017,64,72,61,Winter
1435,O'ahu,18 December 2017,67,75,61,Winter
1443,O'ahu,26 December 2017,65,71,61,Winter
1461,O'ahu,13 January 2018,66,74,61,Winter
1466,O'ahu,18 January 2018,65,73,61,Winter
1469,O'ahu,21 January 2018,65,73,61,Winter
1471,O'ahu,23 January 2018,63,69,61,Winter
1483,O'ahu,04 February 2018,63,68,61,Spring
1494,O'ahu,15 February 2018,64,66,61,Spring
1501,O'ahu,22 February 2018,63,67,61,Spring
1504,O'ahu,25 February 2018,62,65,61,Spring
1505,O'ahu,26 February 2018,63,69,61,Spring
1521,O'ahu,14 March 2018,63,66,61,Spring
1523,O'ahu,16 March 2018,64,68,61,Spring
1556,O'ahu,18 April 2018,66,75,61,Spring
1561,O'ahu,23 April 2018,68,78,61,Spring
1564,O'ahu,26 April 2018,63,66,61,Spring
1572,O'ahu,04 May 2018,69,78,61,Summer
1579,O'ahu,11 May 2018,69,80,61,Summer
1587,O'ahu,19 May 2018,68,77,61,Summer
1589,O'ahu,21 May 2018,68,78,61,Summer
1591,O'ahu,23 May 2018,67,75,61,Summer
1592,O'ahu,24 May 2018,67,74,61,Summer
1595,O'ahu,27 May 2018,67,75,61,Summer
1599,O'ahu,31 May 2018,68,78,61,Summer
1600,O'ahu,01 June 2018,66,73,61,Summer
1601,O'ahu,02 June 2018,67,75,61,Summer
1616,O'ahu,17 June 2018,66,76,61,Summer
1619,O'ahu,20 June 2018,67,77,61,Summer
1620,O'ahu,21 June 2018,69,80,61,Summer
1629,O'ahu,30 June 2018,69,79,61,Summer
1630,O'ahu,01 July 2018,68,77,61,Summer
689,O'ahu,01 December 2015,67,77,60,Winter
693,O'ahu,05 December 2015,66,76,60,Winter
700,O'ahu,12 December 2015,66,75,60,Winter
707,O'ahu,19 December 2015,63,71,60,Winter
709,O'ahu,21 December 2015,63,69,60,Winter
710,O'ahu,22 December 2015,65,75,60,Winter
716,O'ahu,28 December 2015,65,73,60,Winter
718,O'ahu,30 December 2015,67,76,60,Winter
725,O'ahu,06 January 2016,64,70,60,Winter
742,O'ahu,23 January 2016,65,73,60,Winter
752,O'ahu,02 February 2016,65,72,60,Spring
767,O'ahu,17 February 2016,65,72,60,Spring
790,O'ahu,13 March 2016,64,72,60,Spring
796,O'ahu,19 March 2016,66,76,60,Spring
807,O'ahu,30 March 2016,65,70,60,Spring
811,O'ahu,03 April 2016,67,77,60,Spring
812,O'ahu,04 April 2016,66,74,60,Spring
818,O'ahu,10 April 2016,65,75,60,Spring
819,O'ahu,11 April 2016,65,74,60,Spring
820,O'ahu,12 April 2016,67,77,60,Spring
823,O'ahu,15 April 2016,67,77,60,Spring
825,O'ahu,17 April 2016,67,77,60,Spring
827,O'ahu,19 April 2016,63,69,60,Spring
837,O'ahu,29 April 2016,67,78,60,Spring
853,O'ahu,15 May 2016,67,77,60,Summer
869,O'ahu,31 May 2016,65,71,60,Summer
872,O'ahu,03 June 2016,64,70,60,Summer
881,O'ahu,12 June 2016,68,79,60,Summer
889,O'ahu,20 June 2016,70,82,60,Summer
1001,O'ahu,10 October 2016,71,83,60,Autumn
1016,O'ahu,25 October 2016,68,78,60,Autumn
1017,O'ahu,26 October 2016,70,82,60,Autumn
1025,O'ahu,03 November 2016,68,80,60,Winter
1030,O'ahu,08 November 2016,65,74,60,Winter
1033,O'ahu,11 November 2016,66,74,60,Winter
1045,O'ahu,23 November 2016,65,73,60,Winter
1048,O'ahu,26 November 2016,65,72,60,Winter
1050,O'ahu,28 November 2016,64,71,60,Winter
1051,O'ahu,29 November 2016,64,71,60,Winter
1053,O'ahu,01 December 2016,63,67,60,Winter
1060,O'ahu,08 December 2016,63,68,60,Winter
1063,O'ahu,11 December 2016,64,68,60,Winter
1064,O'ahu,12 December 2016,64,69,60,Winter
1069,O'ahu,17 December 2016,64,71,60,Winter
1073,O'ahu,21 December 2016,66,76,60,Winter
1074,O'ahu,22 December 2016,65,72,60,Winter
1077,O'ahu,25 December 2016,65,72,60,Winter
1081,O'ahu,29 December 2016,63,70,60,Winter
1097,O'ahu,14 January 2017,63,68,60,Winter
1100,O'ahu,17 January 2017,66,76,60,Winter
1104,O'ahu,21 January 2017,64,72,60,Winter
1125,O'ahu,11 February 2017,65,68,60,Spring
1132,O'ahu,18 February 2017,65,68,60,Spring
1133,O'ahu,19 February 2017,67,77,60,Spring
1144,O'ahu,02 March 2017,65,72,60,Spring
1153,O'ahu,11 March 2017,67,75,60,Spring
1160,O'ahu,18 March 2017,65,72,60,Spring
1164,O'ahu,22 March 2017,68,77,60,Spring
1168,O'ahu,26 March 2017,67,77,60,Spring
1170,O'ahu,28 March 2017,66,76,60,Spring
1171,O'ahu,29 March 2017,67,76,60,Spring
1172,O'ahu,30 March 2017,67,78,60,Spring
1174,O'ahu,01 April 2017,65,73,60,Spring
1175,O'ahu,02 April 2017,68,78,60,Spring
1178,O'ahu,05 April 2017,67,80,60,Spring
1182,O'ahu,09 April 2017,66,72,60,Spring
1184,O'ahu,11 April 2017,65,77,60,Spring
1185,O'ahu,12 April 2017,66,72,60,Spring
1186,O'ahu,13 April 2017,65,72,60,Spring
1187,O'ahu,14 April 2017,64,71,60,Spring
1199,O'ahu,26 April 2017,67,77,60,Spring
1201,O'ahu,28 April 2017,63,67,60,Spring
1210,O'ahu,07 May 2017,67,78,60,Summer
1213,O'ahu,10 May 2017,67,75,60,Summer
1215,O'ahu,12 May 2017,66,76,60,Summer
1219,O'ahu,16 May 2017,65,74,60,Summer
1220,O'ahu,17 May 2017,67,76,60,Summer
1223,O'ahu,20 May 2017,66,78,60,Summer
1231,O'ahu,28 May 2017,66,74,60,Summer
1233,O'ahu,30 May 2017,67,73,60,Summer
1243,O'ahu,09 June 2017,68,79,60,Summer
1330,O'ahu,04 September 2017,67,72,60,Autumn
1363,O'ahu,07 October 2017,66,75,60,Autumn
1384,O'ahu,28 October 2017,65,73,60,Autumn
1389,O'ahu,02 November 2017,67,75,60,Winter
1394,O'ahu,07 November 2017,66,74,60,Winter
1401,O'ahu,14 November 2017,67,77,60,Winter
1406,O'ahu,19 November 2017,64,71,60,Winter
1410,O'ahu,23 November 2017,64,72,60,Winter
1413,O'ahu,26 November 2017,63,69,60,Winter
1434,O'ahu,17 December 2017,66,71,60,Winter
1437,O'ahu,20 December 2017,62,66,60,Winter
1444,O'ahu,27 December 2017,65,72,60,Winter
1459,O'ahu,11 January 2018,65,72,60,Winter
1465,O'ahu,17 January 2018,65,75,60,Winter
1467,O'ahu,19 January 2018,64,72,60,Winter
1472,O'ahu,24 January 2018,64,70,60,Winter
1473,O'ahu,25 January 2018,62,65,60,Winter
1474,O'ahu,26 January 2018,63,69,60,Winter
1484,O'ahu,05 February 2018,63,73,60,Spring
1485,O'ahu,06 February 2018,63,71,60,Spring
1493,O'ahu,14 February 2018,63,67,60,Spring
1496,O'ahu,17 February 2018,63,73,60,Spring
1500,O'ahu,21 February 2018,64,68,60,Spring
1502,O'ahu,23 February 2018,62,65,60,Spring
1503,O'ahu,24 February 2018,62,64,60,Spring
1511,O'ahu,04 March 2018,63,71,60,Spring
1526,O'ahu,19 March 2018,64,72,60,Spring
1527,O'ahu,20 March 2018,62,66,60,Spring
1532,O'ahu,25 March 2018,64,67,60,Spring
1534,O'ahu,27 March 2018,65,71,60,Spring
1536,O'ahu,29 March 2018,66,74,60,Spring
1537,O'ahu,30 March 2018,65,71,60,Spring
1546,O'ahu,08 April 2018,66,73,60,Spring
1552,O'ahu,14 April 2018,68,78,60,Spring
1555,O'ahu,17 April 2018,66,75,60,Spring
1562,O'ahu,24 April 2018,66,72,60,Spring
1563,O'ahu,25 April 2018,67,79,60,Spring
1565,O'ahu,27 April 2018,65,71,60,Spring
1574,O'ahu,06 May 2018,66,74,60,Summer
1582,O'ahu,14 May 2018,67,79,60,Summer
1583,O'ahu,15 May 2018,67,77,60,Summer
1584,O'ahu,16 May 2018,66,72,60,Summer
1596,O'ahu,28 May 2018,67,74,60,Summer
1692,O'ahu,01 September 2018,69,77,60,Autumn
634,O'ahu,07 October 2015,66,73,62,Autumn
636,O'ahu,09 October 2015,70,78,62,Autumn
653,O'ahu,26 October 2015,69,77,62,Autumn
669,O'ahu,11 November 2015,68,77,62,Winter
687,O'ahu,29 November 2015,67,74,62,Winter
688,O'ahu,30 November 2015,67,75,62,Winter
690,O'ahu,02 December 2015,65,73,62,Winter
698,O'ahu,10 December 2015,66,76,62,Winter
702,O'ahu,14 December 2015,66,70,62,Winter
714,O'ahu,26 December 2015,66,74,62,Winter
715,O'ahu,27 December 2015,67,75,62,Winter
804,O'ahu,27 March 2016,64,71,62,Spring
810,O'ahu,02 April 2016,66,74,62,Spring
814,O'ahu,06 April 2016,67,75,62,Spring
815,O'ahu,07 April 2016,67,77,62,Spring
816,O'ahu,08 April 2016,67,75,62,Spring
821,O'ahu,13 April 2016,65,73,62,Spring
826,O'ahu,18 April 2016,67,74,62,Spring
832,O'ahu,24 April 2016,67,75,62,Spring
833,O'ahu,25 April 2016,67,76,62,Spring
839,O'ahu,01 May 2016,68,76,62,Summer
843,O'ahu,05 May 2016,66,75,62,Summer
850,O'ahu,12 May 2016,66,70,62,Summer
852,O'ahu,14 May 2016,66,71,62,Summer
856,O'ahu,18 May 2016,68,77,62,Summer
860,O'ahu,22 May 2016,68,76,62,Summer
862,O'ahu,24 May 2016,69,80,62,Summer
863,O'ahu,25 May 2016,66,74,62,Summer
864,O'ahu,26 May 2016,68,76,62,Summer
866,O'ahu,28 May 2016,65,69,62,Summer
867,O'ahu,29 May 2016,64,69,62,Summer
875,O'ahu,06 June 2016,67,73,62,Summer
876,O'ahu,07 June 2016,67,73,62,Summer
910,O'ahu,11 July 2016,71,80,62,Summer
913,O'ahu,14 July 2016,69,74,62,Summer
916,O'ahu,17 July 2016,69,78,62,Summer
981,O'ahu,20 September 2016,68,77,62,Autumn
999,O'ahu,08 October 2016,68,77,62,Autumn
1018,O'ahu,27 October 2016,67,76,62,Autumn
1019,O'ahu,28 October 2016,65,71,62,Autumn
1021,O'ahu,30 October 2016,65,74,62,Autumn
1026,O'ahu,04 November 2016,68,77,62,Winter
1038,O'ahu,16 November 2016,69,82,62,Winter
1043,O'ahu,21 November 2016,64,67,62,Winter
1046,O'ahu,24 November 2016,66,73,62,Winter
1055,O'ahu,03 December 2016,65,71,62,Winter
1059,O'ahu,07 December 2016,65,74,62,Winter
1062,O'ahu,10 December 2016,64,66,62,Winter
1072,O'ahu,20 December 2016,70,81,62,Winter
1163,O'ahu,21 March 2017,69,81,62,Spring
1165,O'ahu,23 March 2017,70,78,62,Spring
1190,O'ahu,17 April 2017,67,73,62,Spring
1191,O'ahu,18 April 2017,63,66,62,Spring
1216,O'ahu,13 May 2017,69,79,62,Summer
1217,O'ahu,14 May 2017,67,76,62,Summer
1226,O'ahu,23 May 2017,69,79,62,Summer
1232,O'ahu,29 May 2017,66,70,62,Summer
1234,O'ahu,31 May 2017,68,77,62,Summer
1235,O'ahu,01 June 2017,69,78,62,Summer
1236,O'ahu,02 June 2017,69,79,62,Summer
1242,O'ahu,08 June 2017,70,80,62,Summer
1244,O'ahu,10 June 2017,67,77,62,Summer
1253,O'ahu,19 June 2017,65,72,62,Summer
1255,O'ahu,21 June 2017,70,82,62,Summer
1256,O'ahu,22 June 2017,69,81,62,Summer
1258,O'ahu,24 June 2017,66,71,62,Summer
1260,O'ahu,26 June 2017,71,83,62,Summer
1261,O'ahu,27 June 2017,70,81,62,Summer
1266,O'ahu,02 July 2017,71,80,62,Summer
1272,O'ahu,08 July 2017,70,84,62,Summer
1274,O'ahu,10 July 2017,70,82,62,Summer
1295,O'ahu,31 July 2017,71,81,62,Summer
1303,O'ahu,08 August 2017,71,83,62,Autumn
1312,O'ahu,17 August 2017,71,84,62,Autumn
1328,O'ahu,02 September 2017,68,77,62,Autumn
1340,O'ahu,14 September 2017,66,73,62,Autumn
1341,O'ahu,15 September 2017,70,79,62,Autumn
1350,O'ahu,24 September 2017,69,77,62,Autumn
1352,O'ahu,26 September 2017,69,79,62,Autumn
1353,O'ahu,27 September 2017,71,83,62,Autumn
1357,O'ahu,01 October 2017,67,72,62,Autumn
1365,O'ahu,09 October 2017,67,73,62,Autumn
1366,O'ahu,10 October 2017,70,80,62,Autumn
1372,O'ahu,16 October 2017,66,73,62,Autumn
1374,O'ahu,18 October 2017,67,76,62,Autumn
1383,O'ahu,27 October 2017,65,68,62,Autumn
1386,O'ahu,30 October 2017,69,78,62,Autumn
1392,O'ahu,05 November 2017,66,72,62,Winter
1393,O'ahu,06 November 2017,67,78,62,Winter
1396,O'ahu,09 November 2017,68,78,62,Winter
1399,O'ahu,12 November 2017,65,72,62,Winter
1400,O'ahu,13 November 2017,67,75,62,Winter
1419,O'ahu,02 December 2017,64,68,62,Winter
1436,O'ahu,19 December 2017,65,68,62,Winter
1470,O'ahu,22 January 2018,64,67,62,Winter
1480,O'ahu,01 February 2018,64,67,62,Spring
1481,O'ahu,02 February 2018,66,72,62,Spring
1495,O'ahu,16 February 2018,64,66,62,Spring
1522,O'ahu,15 March 2018,64,67,62,Spring
1533,O'ahu,26 March 2018,64,67,62,Spring
1535,O'ahu,28 March 2018,65,70,62,Spring
1540,O'ahu,02 April 2018,64,66,62,Spring
1542,O'ahu,04 April 2018,66,68,62,Spring
1554,O'ahu,16 April 2018,66,74,62,Spring
1557,O'ahu,19 April 2018,68,77,62,Spring
1558,O'ahu,20 April 2018,66,74,62,Spring
1559,O'ahu,21 April 2018,67,75,62,Spring
1560,O'ahu,22 April 2018,67,79,62,Spring
1566,O'ahu,28 April 2018,65,69,62,Spring
1577,O'ahu,09 May 2018,66,74,62,Summer
1580,O'ahu,12 May 2018,69,81,62,Summer
1581,O'ahu,13 May 2018,69,79,62,Summer
1586,O'ahu,18 May 2018,67,75,62,Summer
1593,O'ahu,25 May 2018,67,77,62,Summer
1594,O'ahu,26 May 2018,68,78,62,Summer
1605,O'ahu,06 June 2018,69,79,62,Summer
1615,O'ahu,16 June 2018,67,71,62,Summer
1618,O'ahu,19 June 2018,67,73,62,Summer
1633,O'ahu,04 July 2018,70,80,62,Summer
1637,O'ahu,08 July 2018,70,80,62,Summer
1649,O'ahu,20 July 2018,69,77,62,Summer
625,O'ahu,28 September 2015,69,78,64,Autumn
650,O'ahu,23 October 2015,69,75,64,Autumn
651,O'ahu,24 October 2015,69,77,64,Autumn
656,O'ahu,29 October 2015,69,77,64,Autumn
662,O'ahu,04 November 2015,71,82,64,Winter
664,O'ahu,06 November 2015,68,78,64,Winter
665,O'ahu,07 November 2015,68,77,64,Winter
683,O'ahu,25 November 2015,70,78,64,Winter
686,O'ahu,28 November 2015,69,75,64,Winter
697,O'ahu,09 December 2015,69,79,64,Winter
870,O'ahu,01 June 2016,67,73,64,Summer
871,O'ahu,02 June 2016,66,72,64,Summer
880,O'ahu,11 June 2016,72,81,64,Summer
883,O'ahu,14 June 2016,67,76,64,Summer
892,O'ahu,23 June 2016,70,80,64,Summer
893,O'ahu,24 June 2016,71,81,64,Summer
894,O'ahu,25 June 2016,70,80,64,Summer
901,O'ahu,02 July 2016,70,78,64,Summer
905,O'ahu,06 July 2016,72,81,64,Summer
909,O'ahu,10 July 2016,69,78,64,Summer
917,O'ahu,18 July 2016,69,75,64,Summer
923,O'ahu,24 July 2016,69,76,64,Summer
925,O'ahu,26 July 2016,73,86,64,Summer
927,O'ahu,28 July 2016,71,80,64,Summer
929,O'ahu,30 July 2016,71,80,64,Summer
931,O'ahu,01 August 2016,73,84,64,Autumn
933,O'ahu,03 August 2016,73,84,64,Autumn
947,O'ahu,17 August 2016,71,79,64,Autumn
956,O'ahu,26 August 2016,70,79,64,Autumn
958,O'ahu,28 August 2016,69,77,64,Autumn
959,O'ahu,29 August 2016,70,79,64,Autumn
965,O'ahu,04 September 2016,69,73,64,Autumn
969,O'ahu,08 September 2016,69,77,64,Autumn
971,O'ahu,10 September 2016,69,77,64,Autumn
979,O'ahu,18 September 2016,69,77,64,Autumn
983,O'ahu,22 September 2016,73,83,64,Autumn
987,O'ahu,26 September 2016,71,81,64,Autumn
989,O'ahu,28 September 2016,70,80,64,Autumn
990,O'ahu,29 September 2016,71,82,64,Autumn
991,O'ahu,30 September 2016,71,80,64,Autumn
992,O'ahu,01 October 2016,69,78,64,Autumn
996,O'ahu,05 October 2016,67,72,64,Autumn
997,O'ahu,06 October 2016,69,75,64,Autumn
998,O'ahu,07 October 2016,69,77,64,Autumn
1003,O'ahu,12 October 2016,70,77,64,Autumn
1005,O'ahu,14 October 2016,70,80,64,Autumn
1006,O'ahu,15 October 2016,70,80,64,Autumn
1008,O'ahu,17 October 2016,72,83,64,Autumn
1011,O'ahu,20 October 2016,69,78,64,Autumn
1023,O'ahu,01 November 2016,67,75,64,Winter
1121,O'ahu,07 February 2017,65,71,64,Spring
1237,O'ahu,03 June 2017,69,79,64,Summer
1241,O'ahu,07 June 2017,70,81,64,Summer
1247,O'ahu,13 June 2017,71,81,64,Summer
1248,O'ahu,14 June 2017,70,79,64,Summer
1249,O'ahu,15 June 2017,68,74,64,Summer
1257,O'ahu,23 June 2017,66,71,64,Summer
1262,O'ahu,28 June 2017,70,78,64,Summer
1269,O'ahu,05 July 2017,72,87,64,Summer
1271,O'ahu,07 July 2017,71,81,64,Summer
1284,O'ahu,20 July 2017,70,80,64,Summer
1289,O'ahu,25 July 2017,71,82,64,Summer
1301,O'ahu,06 August 2017,72,84,64,Autumn
1302,O'ahu,07 August 2017,71,81,64,Autumn
1305,O'ahu,10 August 2017,72,80,64,Autumn
1313,O'ahu,18 August 2017,72,82,64,Autumn
1319,O'ahu,24 August 2017,69,76,64,Autumn
1320,O'ahu,25 August 2017,71,81,64,Autumn
1321,O'ahu,26 August 2017,70,81,64,Autumn
1324,O'ahu,29 August 2017,71,81,64,Autumn
1333,O'ahu,07 September 2017,68,77,64,Autumn
1342,O'ahu,16 September 2017,69,78,64,Autumn
1348,O'ahu,22 September 2017,71,81,64,Autumn
1349,O'ahu,23 September 2017,70,79,64,Autumn
1369,O'ahu,13 October 2017,68,75,64,Autumn
1376,O'ahu,20 October 2017,69,77,64,Autumn
1378,O'ahu,22 October 2017,68,75,64,Autumn
1387,O'ahu,31 October 2017,70,77,64,Autumn
1391,O'ahu,04 November 2017,71,81,64,Winter
1415,O'ahu,28 November 2017,67,74,64,Winter
1541,O'ahu,03 April 2018,67,68,64,Spring
1543,O'ahu,05 April 2018,67,70,64,Spring
1544,O'ahu,06 April 2018,68,73,64,Spring
1548,O'ahu,10 April 2018,68,75,64,Spring
1549,O'ahu,11 April 2018,68,75,64,Spring
1567,O'ahu,29 April 2018,66,69,64,Spring
1568,O'ahu,30 April 2018,66,69,64,Spring
1569,O'ahu,01 May 2018,67,69,64,Summer
1576,O'ahu,08 May 2018,68,77,64,Summer
1578,O'ahu,10 May 2018,66,70,64,Summer
1585,O'ahu,17 May 2018,66,71,64,Summer
1597,O'ahu,29 May 2018,66,68,64,Summer
1603,O'ahu,04 June 2018,70,78,64,Summer
1621,O'ahu,22 June 2018,70,79,64,Summer
1626,O'ahu,27 June 2018,69,76,64,Summer
1627,O'ahu,28 June 2018,71,80,64,Summer
1632,O'ahu,03 July 2018,70,79,64,Summer
1641,O'ahu,12 July 2018,72,81,64,Summer
1648,O'ahu,19 July 2018,71,83,64,Summer
1666,O'ahu,06 August 2018,71,83,64,Autumn
1685,O'ahu,25 August 2018,69,74,64,Autumn
1690,O'ahu,30 August 2018,70,77,64,Autumn
1691,O'ahu,31 August 2018,70,79,64,Autumn
599,O'ahu,02 September 2015,72,79,65,Autumn
601,O'ahu,04 September 2015,71,78,65,Autumn
602,O'ahu,05 September 2015,72,78,65,Autumn
603,O'ahu,06 September 2015,70,78,65,Autumn
604,O'ahu,07 September 2015,71,77,65,Autumn
608,O'ahu,11 September 2015,69,75,65,Autumn
615,O'ahu,18 September 2015,71,81,65,Autumn
629,O'ahu,02 October 2015,71,80,65,Autumn
630,O'ahu,03 October 2015,71,79,65,Autumn
631,O'ahu,04 October 2015,73,80,65,Autumn
633,O'ahu,06 October 2015,69,79,65,Autumn
645,O'ahu,18 October 2015,71,81,65,Autumn
654,O'ahu,27 October 2015,71,81,65,Autumn
655,O'ahu,28 October 2015,71,81,65,Autumn
663,O'ahu,05 November 2015,69,76,65,Winter
677,O'ahu,19 November 2015,67,70,65,Winter
680,O'ahu,22 November 2015,66,69,65,Winter
681,O'ahu,23 November 2015,67,72,65,Winter
897,O'ahu,28 June 2016,70,77,65,Summer
898,O'ahu,29 June 2016,72,81,65,Summer
902,O'ahu,03 July 2016,70,78,65,Summer
911,O'ahu,12 July 2016,71,81,65,Summer
915,O'ahu,16 July 2016,72,85,65,Summer
919,O'ahu,20 July 2016,72,84,65,Summer
922,O'ahu,23 July 2016,70,77,65,Summer
924,O'ahu,25 July 2016,69,75,65,Summer
934,O'ahu,04 August 2016,72,80,65,Autumn
935,O'ahu,05 August 2016,73,83,65,Autumn
938,O'ahu,08 August 2016,74,84,65,Autumn
939,O'ahu,09 August 2016,73,83,65,Autumn
944,O'ahu,14 August 2016,70,81,65,Autumn
946,O'ahu,16 August 2016,69,77,65,Autumn
949,O'ahu,19 August 2016,70,78,65,Autumn
950,O'ahu,20 August 2016,72,82,65,Autumn
954,O'ahu,24 August 2016,69,72,65,Autumn
960,O'ahu,30 August 2016,73,80,65,Autumn
973,O'ahu,12 September 2016,71,78,65,Autumn
975,O'ahu,14 September 2016,70,78,65,Autumn
976,O'ahu,15 September 2016,66,68,65,Autumn
985,O'ahu,24 September 2016,70,78,65,Autumn
986,O'ahu,25 September 2016,70,79,65,Autumn
988,O'ahu,27 September 2016,69,79,65,Autumn
994,O'ahu,03 October 2016,67,73,65,Autumn
995,O'ahu,04 October 2016,69,75,65,Autumn
1002,O'ahu,11 October 2016,71,83,65,Autumn
1010,O'ahu,19 October 2016,69,78,65,Autumn
1238,O'ahu,04 June 2017,72,80,65,Summer
1268,O'ahu,04 July 2017,73,85,65,Summer
1270,O'ahu,06 July 2017,71,82,65,Summer
1275,O'ahu,11 July 2017,70,81,65,Summer
1278,O'ahu,14 July 2017,72,83,65,Summer
1279,O'ahu,15 July 2017,71,79,65,Summer
1281,O'ahu,17 July 2017,71,80,65,Summer
1282,O'ahu,18 July 2017,70,77,65,Summer
1286,O'ahu,22 July 2017,72,83,65,Summer
1287,O'ahu,23 July 2017,73,82,65,Summer
1288,O'ahu,24 July 2017,69,74,65,Summer
1290,O'ahu,26 July 2017,72,83,65,Summer
1291,O'ahu,27 July 2017,70,78,65,Summer
1298,O'ahu,03 August 2017,69,77,65,Autumn
1300,O'ahu,05 August 2017,71,82,65,Autumn
1306,O'ahu,11 August 2017,70,80,65,Autumn
1314,O'ahu,19 August 2017,72,84,65,Autumn
1335,O'ahu,09 September 2017,69,78,65,Autumn
1336,O'ahu,10 September 2017,68,75,65,Autumn
1338,O'ahu,12 September 2017,68,74,65,Autumn
1339,O'ahu,13 September 2017,67,73,65,Autumn
1346,O'ahu,20 September 2017,69,76,65,Autumn
1347,O'ahu,21 September 2017,70,80,65,Autumn
1354,O'ahu,28 September 2017,71,80,65,Autumn
1360,O'ahu,04 October 2017,69,79,65,Autumn
1361,O'ahu,05 October 2017,70,77,65,Autumn
1370,O'ahu,14 October 2017,69,79,65,Autumn
1382,O'ahu,26 October 2017,68,74,65,Autumn
1398,O'ahu,11 November 2017,66,69,65,Winter
1416,O'ahu,29 November 2017,66,71,65,Winter
1570,O'ahu,02 May 2018,69,76,65,Summer
1575,O'ahu,07 May 2018,70,78,65,Summer
1608,O'ahu,09 June 2018,71,82,65,Summer
1624,O'ahu,25 June 2018,71,81,65,Summer
1631,O'ahu,02 July 2018,71,80,65,Summer
1636,O'ahu,07 July 2018,67,72,65,Summer
1639,O'ahu,10 July 2018,70,80,65,Summer
1640,O'ahu,11 July 2018,71,79,65,Summer
1642,O'ahu,13 July 2018,72,82,65,Summer
1643,O'ahu,14 July 2018,71,80,65,Summer
1651,O'ahu,22 July 2018,73,85,65,Summer
1654,O'ahu,25 July 2018,74,85,65,Summer
1679,O'ahu,19 August 2018,71,79,65,Autumn
1682,O'ahu,22 August 2018,69,73,65,Autumn
1687,O'ahu,27 August 2018,68,75,65,Autumn
1688,O'ahu,28 August 2018,69,76,65,Autumn
1689,O'ahu,29 August 2018,70,78,65,Autumn
692,O'ahu,04 December 2015,66,75,59,Winter
694,O'ahu,06 December 2015,65,76,59,Winter
696,O'ahu,08 December 2015,66,77,59,Winter
706,O'ahu,18 December 2015,65,75,59,Winter
708,O'ahu,20 December 2015,64,72,59,Winter
712,O'ahu,24 December 2015,66,76,59,Winter
744,O'ahu,25 January 2016,66,76,59,Winter
748,O'ahu,29 January 2016,64,69,59,Winter
763,O'ahu,13 February 2016,67,78,59,Spring
765,O'ahu,15 February 2016,65,74,59,Spring
766,O'ahu,16 February 2016,65,73,59,Spring
773,O'ahu,25 February 2016,65,72,59,Spring
789,O'ahu,12 March 2016,64,72,59,Spring
791,O'ahu,14 March 2016,65,73,59,Spring
793,O'ahu,16 March 2016,65,72,59,Spring
795,O'ahu,18 March 2016,65,73,59,Spring
797,O'ahu,20 March 2016,67,78,59,Spring
800,O'ahu,23 March 2016,63,69,59,Spring
803,O'ahu,26 March 2016,64,70,59,Spring
805,O'ahu,28 March 2016,66,75,59,Spring
808,O'ahu,31 March 2016,65,73,59,Spring
828,O'ahu,20 April 2016,64,74,59,Spring
829,O'ahu,21 April 2016,65,75,59,Spring
848,O'ahu,10 May 2016,65,74,59,Summer
1028,O'ahu,06 November 2016,66,75,59,Winter
1034,O'ahu,12 November 2016,65,74,59,Winter
1035,O'ahu,13 November 2016,68,79,59,Winter
1054,O'ahu,02 December 2016,62,65,59,Winter
1061,O'ahu,09 December 2016,64,73,59,Winter
1075,O'ahu,23 December 2016,65,76,59,Winter
1079,O'ahu,27 December 2016,63,71,59,Winter
1080,O'ahu,28 December 2016,64,71,59,Winter
1082,O'ahu,30 December 2016,63,69,59,Winter
1095,O'ahu,12 January 2017,65,75,59,Winter
1106,O'ahu,23 January 2017,64,70,59,Winter
1108,O'ahu,25 January 2017,63,71,59,Winter
1120,O'ahu,06 February 2017,65,74,59,Spring
1126,O'ahu,12 February 2017,67,74,59,Spring
1128,O'ahu,14 February 2017,66,73,59,Spring
1130,O'ahu,16 February 2017,65,72,59,Spring
1142,O'ahu,28 February 2017,61,66,59,Spring
1143,O'ahu,01 March 2017,62,66,59,Spring
1145,O'ahu,03 March 2017,65,71,59,Spring
1147,O'ahu,05 March 2017,65,72,59,Spring
1150,O'ahu,08 March 2017,63,69,59,Spring
1151,O'ahu,09 March 2017,64,70,59,Spring
1152,O'ahu,10 March 2017,65,71,59,Spring
1155,O'ahu,13 March 2017,64,71,59,Spring
1167,O'ahu,25 March 2017,71,83,59,Spring
1169,O'ahu,27 March 2017,66,76,59,Spring
1188,O'ahu,15 April 2017,66,73,59,Spring
1189,O'ahu,16 April 2017,65,74,59,Spring
1194,O'ahu,21 April 2017,68,76,59,Spring
1197,O'ahu,24 April 2017,67,78,59,Spring
1203,O'ahu,30 April 2017,63,66,59,Spring
1221,O'ahu,18 May 2017,64,73,59,Summer
1224,O'ahu,21 May 2017,66,74,59,Summer
1230,O'ahu,27 May 2017,66,75,59,Summer
1259,O'ahu,25 June 2017,67,76,59,Summer
1385,O'ahu,29 October 2017,67,76,59,Autumn
1412,O'ahu,25 November 2017,63,70,59,Winter
1420,O'ahu,03 December 2017,64,70,59,Winter
1454,O'ahu,06 January 2018,63,72,59,Winter
1468,O'ahu,20 January 2018,65,73,59,Winter
1475,O'ahu,27 January 2018,63,69,59,Winter
1476,O'ahu,28 January 2018,64,71,59,Winter
1482,O'ahu,03 February 2018,64,72,59,Spring
1506,O'ahu,27 February 2018,62,69,59,Spring
1509,O'ahu,02 March 2018,63,70,59,Spring
1512,O'ahu,05 March 2018,63,73,59,Spring
1520,O'ahu,13 March 2018,62,66,59,Spring
1528,O'ahu,21 March 2018,62,69,59,Spring
1531,O'ahu,24 March 2018,62,65,59,Spring
1538,O'ahu,31 March 2018,65,73,59,Spring
1539,O'ahu,01 April 2018,66,74,59,Spring
1617,O'ahu,18 June 2018,65,73,59,Summer
598,O'ahu,01 September 2015,70,78,66,Autumn
600,O'ahu,03 September 2015,70,77,66,Autumn
609,O'ahu,12 September 2015,71,79,66,Autumn
611,O'ahu,14 September 2015,73,84,66,Autumn
612,O'ahu,15 September 2015,72,83,66,Autumn
614,O'ahu,17 September 2015,71,81,66,Autumn
616,O'ahu,19 September 2015,73,83,66,Autumn
619,O'ahu,22 September 2015,71,77,66,Autumn
620,O'ahu,23 September 2015,71,80,66,Autumn
621,O'ahu,24 September 2015,71,81,66,Autumn
623,O'ahu,26 September 2015,71,78,66,Autumn
624,O'ahu,27 September 2015,70,80,66,Autumn
639,O'ahu,12 October 2015,71,81,66,Autumn
641,O'ahu,14 October 2015,73,82,66,Autumn
642,O'ahu,15 October 2015,73,81,66,Autumn
644,O'ahu,17 October 2015,71,78,66,Autumn
647,O'ahu,20 October 2015,72,82,66,Autumn
649,O'ahu,22 October 2015,71,81,66,Autumn
657,O'ahu,30 October 2015,70,77,66,Autumn
684,O'ahu,26 November 2015,70,77,66,Winter
685,O'ahu,27 November 2015,69,75,66,Winter
900,O'ahu,01 July 2016,74,83,66,Summer
906,O'ahu,07 July 2016,71,81,66,Summer
920,O'ahu,21 July 2016,73,83,66,Summer
926,O'ahu,27 July 2016,73,82,66,Summer
930,O'ahu,31 July 2016,71,79,66,Summer
932,O'ahu,02 August 2016,73,82,66,Autumn
940,O'ahu,10 August 2016,74,84,66,Autumn
941,O'ahu,11 August 2016,73,83,66,Autumn
942,O'ahu,12 August 2016,71,80,66,Autumn
943,O'ahu,13 August 2016,68,73,66,Autumn
945,O'ahu,15 August 2016,69,76,66,Autumn
974,O'ahu,13 September 2016,70,76,66,Autumn
977,O'ahu,16 September 2016,72,83,66,Autumn
993,O'ahu,02 October 2016,69,77,66,Autumn
1009,O'ahu,18 October 2016,71,78,66,Autumn
1246,O'ahu,12 June 2017,70,77,66,Summer
1267,O'ahu,03 July 2017,74,86,66,Summer
1276,O'ahu,12 July 2017,74,86,66,Summer
1280,O'ahu,16 July 2017,71,80,66,Summer
1285,O'ahu,21 July 2017,72,80,66,Summer
1292,O'ahu,28 July 2017,69,73,66,Summer
1293,O'ahu,29 July 2017,70,75,66,Summer
1297,O'ahu,02 August 2017,70,77,66,Autumn
1318,O'ahu,23 August 2017,71,79,66,Autumn
1332,O'ahu,06 September 2017,72,82,66,Autumn
1368,O'ahu,12 October 2017,73,83,66,Autumn
1381,O'ahu,25 October 2017,69,74,66,Autumn
1625,O'ahu,26 June 2018,71,80,66,Summer
1635,O'ahu,06 July 2018,72,82,66,Summer
1644,O'ahu,15 July 2018,72,82,66,Summer
1645,O'ahu,16 July 2018,72,82,66,Summer
1646,O'ahu,17 July 2018,72,80,66,Summer
1650,O'ahu,21 July 2018,71,80,66,Summer
1653,O'ahu,24 July 2018,72,82,66,Summer
1656,O'ahu,27 July 2018,73,82,66,Summer
1657,O'ahu,28 July 2018,72,82,66,Summer
1658,O'ahu,29 July 2018,72,81,66,Summer
1659,O'ahu,30 July 2018,72,81,66,Summer
1660,O'ahu,31 July 2018,72,81,66,Summer
1661,O'ahu,01 August 2018,72,80,66,Autumn
1662,O'ahu,02 August 2018,71,79,66,Autumn
1664,O'ahu,04 August 2018,72,80,66,Autumn
1665,O'ahu,05 August 2018,71,81,66,Autumn
1671,O'ahu,11 August 2018,71,81,66,Autumn
1674,O'ahu,14 August 2018,71,80,66,Autumn
1675,O'ahu,15 August 2018,73,81,66,Autumn
1676,O'ahu,16 August 2018,73,81,66,Autumn
1680,O'ahu,20 August 2018,72,80,66,Autumn
1681,O'ahu,21 August 2018,71,80,66,Autumn
1684,O'ahu,24 August 2018,69,70,66,Autumn
1686,O'ahu,26 August 2018,71,78,66,Autumn
605,O'ahu,08 September 2015,71,78,67,Autumn
606,O'ahu,09 September 2015,70,74,68,Autumn
607,O'ahu,10 September 2015,69,73,68,Autumn
610,O'ahu,13 September 2015,69,74,67,Autumn
613,O'ahu,16 September 2015,72,83,68,Autumn
617,O'ahu,20 September 2015,71,80,68,Autumn
618,O'ahu,21 September 2015,72,79,67,Autumn
622,O'ahu,25 September 2015,73,83,67,Autumn
637,O'ahu,10 October 2015,74,85,68,Autumn
638,O'ahu,11 October 2015,72,80,68,Autumn
643,O'ahu,16 October 2015,72,79,67,Autumn
648,O'ahu,21 October 2015,72,82,67,Autumn
701,O'ahu,13 December 2015,66,74,58,Winter
717,O'ahu,29 December 2015,64,74,57,Winter
719,O'ahu,31 December 2015,64,72,58,Winter
720,O'ahu,01 January 2016,64,74,57,Winter
721,O'ahu,02 January 2016,64,75,58,Winter
722,O'ahu,03 January 2016,61,72,53,Winter
723,O'ahu,04 January 2016,63,72,57,Winter
724,O'ahu,05 January 2016,64,74,57,Winter
726,O'ahu,07 January 2016,63,73,57,Winter
727,O'ahu,08 January 2016,63,72,56,Winter
728,O'ahu,09 January 2016,63,71,55,Winter
729,O'ahu,10 January 2016,63,74,55,Winter
730,O'ahu,11 January 2016,62,69,55,Winter
731,O'ahu,12 January 2016,62,70,55,Winter
732,O'ahu,13 January 2016,61,70,55,Winter
733,O'ahu,14 January 2016,62,72,54,Winter
734,O'ahu,15 January 2016,62,69,56,Winter
735,O'ahu,16 January 2016,63,72,55,Winter
736,O'ahu,17 January 2016,63,71,58,Winter
737,O'ahu,18 January 2016,63,74,57,Winter
738,O'ahu,19 January 2016,63,69,57,Winter
739,O'ahu,20 January 2016,63,72,56,Winter
740,O'ahu,21 January 2016,64,75,56,Winter
741,O'ahu,22 January 2016,67,79,58,Winter
743,O'ahu,24 January 2016,64,70,57,Winter
745,O'ahu,26 January 2016,63,72,56,Winter
746,O'ahu,27 January 2016,63,73,56,Winter
747,O'ahu,28 January 2016,64,72,56,Winter
749,O'ahu,30 January 2016,65,77,58,Winter
750,O'ahu,31 January 2016,65,77,58,Winter
751,O'ahu,01 February 2016,63,71,56,Spring
753,O'ahu,03 February 2016,65,75,58,Spring
754,O'ahu,04 February 2016,65,74,56,Spring
755,O'ahu,05 February 2016,63,67,58,Spring
756,O'ahu,06 February 2016,61,70,55,Spring
757,O'ahu,07 February 2016,61,69,56,Spring
758,O'ahu,08 February 2016,60,71,52,Spring
759,O'ahu,09 February 2016,60,70,51,Spring
760,O'ahu,10 February 2016,62,72,53,Spring
761,O'ahu,11 February 2016,64,75,55,Spring
762,O'ahu,12 February 2016,65,74,57,Spring
764,O'ahu,14 February 2016,65,76,58,Spring
768,O'ahu,18 February 2016,64,75,58,Spring
769,O'ahu,19 February 2016,66,77,56,Spring
770,O'ahu,22 February 2016,65,73,58,Spring
771,O'ahu,23 February 2016,64,73,58,Spring
772,O'ahu,24 February 2016,64,73,58,Spring
775,O'ahu,27 February 2016,65,76,57,Spring
776,O'ahu,28 February 2016,63,74,54,Spring
777,O'ahu,29 February 2016,64,74,58,Spring
778,O'ahu,01 March 2016,64,73,56,Spring
779,O'ahu,02 March 2016,65,73,58,Spring
780,O'ahu,03 March 2016,64,71,58,Spring
782,O'ahu,05 March 2016,63,71,58,Spring
783,O'ahu,06 March 2016,66,74,58,Spring
784,O'ahu,07 March 2016,64,73,58,Spring
785,O'ahu,08 March 2016,65,73,57,Spring
786,O'ahu,09 March 2016,63,72,58,Spring
787,O'ahu,10 March 2016,62,71,56,Spring
788,O'ahu,11 March 2016,63,70,57,Spring
794,O'ahu,17 March 2016,64,76,58,Spring
798,O'ahu,21 March 2016,64,74,57,Spring
799,O'ahu,22 March 2016,62,67,56,Spring
801,O'ahu,24 March 2016,64,72,57,Spring
806,O'ahu,29 March 2016,65,73,57,Spring
809,O'ahu,01 April 2016,65,75,58,Spring
813,O'ahu,05 April 2016,65,73,57,Spring
830,O'ahu,22 April 2016,67,77,58,Spring
868,O'ahu,30 May 2016,65,73,57,Summer
899,O'ahu,30 June 2016,77,89,67,Summer
914,O'ahu,15 July 2016,72,82,67,Summer
921,O'ahu,22 July 2016,73,82,68,Summer
936,O'ahu,06 August 2016,74,83,69,Autumn
937,O'ahu,07 August 2016,71,79,67,Autumn
952,O'ahu,22 August 2016,69,76,67,Autumn
953,O'ahu,23 August 2016,69,74,67,Autumn
961,O'ahu,31 August 2016,70,74,67,Autumn
962,O'ahu,01 September 2016,72,81,67,Autumn
963,O'ahu,02 September 2016,74,84,67,Autumn
964,O'ahu,03 September 2016,69,74,67,Autumn
978,O'ahu,17 September 2016,72,78,68,Autumn
984,O'ahu,23 September 2016,70,76,67,Autumn
1029,O'ahu,07 November 2016,67,77,58,Winter
1031,O'ahu,09 November 2016,66,75,58,Winter
1066,O'ahu,14 December 2016,63,72,57,Winter
1067,O'ahu,15 December 2016,60,67,57,Winter
1068,O'ahu,16 December 2016,63,73,55,Winter
1083,O'ahu,31 December 2016,63,71,58,Winter
1084,O'ahu,01 January 2017,63,71,58,Winter
1085,O'ahu,02 January 2017,64,72,58,Winter
1086,O'ahu,03 January 2017,62,72,55,Winter
1087,O'ahu,04 January 2017,62,72,54,Winter
1088,O'ahu,05 January 2017,62,69,54,Winter
1089,O'ahu,06 January 2017,63,71,57,Winter
1090,O'ahu,07 January 2017,61,66,57,Winter
1091,O'ahu,08 January 2017,61,70,57,Winter
1092,O'ahu,09 January 2017,62,71,55,Winter
1093,O'ahu,10 January 2017,63,72,55,Winter
1094,O'ahu,11 January 2017,64,71,58,Winter
1096,O'ahu,13 January 2017,64,74,57,Winter
1098,O'ahu,15 January 2017,65,76,57,Winter
1099,O'ahu,16 January 2017,66,82,55,Winter
1101,O'ahu,18 January 2017,66,81,57,Winter
1102,O'ahu,19 January 2017,63,75,53,Winter
1103,O'ahu,20 January 2017,63,72,54,Winter
1105,O'ahu,22 January 2017,62,67,58,Winter
1109,O'ahu,26 January 2017,63,74,58,Winter
1110,O'ahu,27 January 2017,62,74,53,Winter
1111,O'ahu,28 January 2017,62,71,55,Winter
1112,O'ahu,29 January 2017,63,75,57,Winter
1113,O'ahu,30 January 2017,62,75,54,Winter
1114,O'ahu,31 January 2017,60,74,53,Winter
1115,O'ahu,01 February 2017,60,70,51,Spring
1116,O'ahu,02 February 2017,59,68,51,Spring
1117,O'ahu,03 February 2017,60,67,55,Spring
1118,O'ahu,04 February 2017,61,70,52,Spring
1119,O'ahu,05 February 2017,63,72,55,Spring
1122,O'ahu,08 February 2017,62,67,57,Spring
1123,O'ahu,09 February 2017,61,69,54,Spring
1124,O'ahu,10 February 2017,63,71,56,Spring
1129,O'ahu,15 February 2017,66,75,57,Spring
1134,O'ahu,20 February 2017,63,71,58,Spring
1135,O'ahu,21 February 2017,62,71,57,Spring
1136,O'ahu,22 February 2017,62,70,57,Spring
1137,O'ahu,23 February 2017,63,75,57,Spring
1138,O'ahu,24 February 2017,63,78,55,Spring
1139,O'ahu,25 February 2017,60,68,53,Spring
1140,O'ahu,26 February 2017,61,66,56,Spring
1141,O'ahu,27 February 2017,61,65,58,Spring
1146,O'ahu,04 March 2017,64,70,58,Spring
1149,O'ahu,07 March 2017,64,70,58,Spring
1156,O'ahu,14 March 2017,65,78,58,Spring
1157,O'ahu,15 March 2017,64,73,58,Spring
1158,O'ahu,16 March 2017,64,73,56,Spring
1159,O'ahu,17 March 2017,65,72,58,Spring
1161,O'ahu,19 March 2017,68,77,58,Spring
1166,O'ahu,24 March 2017,66,72,58,Spring
1179,O'ahu,06 April 2017,64,76,57,Spring
1180,O'ahu,07 April 2017,66,79,58,Spring
1181,O'ahu,08 April 2017,65,74,58,Spring
1193,O'ahu,20 April 2017,67,74,58,Spring
1202,O'ahu,29 April 2017,62,65,58,Spring
1222,O'ahu,19 May 2017,63,69,57,Summer
1315,O'ahu,20 August 2017,74,85,67,Autumn
1316,O'ahu,21 August 2017,74,84,67,Autumn
1317,O'ahu,22 August 2017,72,79,67,Autumn
1323,O'ahu,28 August 2017,74,84,67,Autumn
1380,O'ahu,24 October 2017,69,71,67,Autumn
1404,O'ahu,17 November 2017,64,73,58,Winter
1405,O'ahu,18 November 2017,64,73,55,Winter
1407,O'ahu,20 November 2017,62,68,55,Winter
1408,O'ahu,21 November 2017,63,71,55,Winter
1409,O'ahu,22 November 2017,64,74,56,Winter
1411,O'ahu,24 November 2017,62,71,58,Winter
1421,O'ahu,04 December 2017,62,74,56,Winter
1422,O'ahu,05 December 2017,62,72,55,Winter
1423,O'ahu,06 December 2017,60,70,54,Winter
1424,O'ahu,07 December 2017,59,69,51,Winter
1425,O'ahu,08 December 2017,60,71,53,Winter
1426,O'ahu,09 December 2017,60,66,54,Winter
1427,O'ahu,10 December 2017,63,75,55,Winter
1428,O'ahu,11 December 2017,61,71,53,Winter
1429,O'ahu,12 December 2017,65,77,52,Winter
1430,O'ahu,13 December 2017,64,74,57,Winter
1431,O'ahu,14 December 2017,61,68,57,Winter
1432,O'ahu,15 December 2017,61,71,55,Winter
1433,O'ahu,16 December 2017,60,65,54,Winter
1438,O'ahu,21 December 2017,63,70,58,Winter
1439,O'ahu,22 December 2017,62,72,56,Winter
1440,O'ahu,23 December 2017,63,73,55,Winter
1441,O'ahu,24 December 2017,63,72,55,Winter
1442,O'ahu,25 December 2017,65,76,55,Winter
1445,O'ahu,28 December 2017,64,71,58,Winter
1446,O'ahu,29 December 2017,65,74,58,Winter
1447,O'ahu,30 December 2017,64,74,57,Winter
1448,O'ahu,31 December 2017,63,76,54,Winter
1449,O'ahu,01 January 2018,63,71,56,Winter
1450,O'ahu,02 January 2018,63,78,54,Winter
1451,O'ahu,03 January 2018,63,75,56,Winter
1452,O'ahu,04 January 2018,64,75,58,Winter
1453,O'ahu,05 January 2018,63,75,56,Winter
1455,O'ahu,07 January 2018,65,75,58,Winter
1456,O'ahu,08 January 2018,65,78,58,Winter
1457,O'ahu,09 January 2018,63,74,57,Winter
1458,O'ahu,10 January 2018,63,75,55,Winter
1460,O'ahu,12 January 2018,65,73,58,Winter
1462,O'ahu,14 January 2018,64,73,58,Winter
1463,O'ahu,15 January 2018,66,77,57,Winter
1464,O'ahu,16 January 2018,66,79,57,Winter
1477,O'ahu,29 January 2018,63,72,56,Winter
1478,O'ahu,30 January 2018,62,67,57,Winter
1479,O'ahu,31 January 2018,63,71,56,Winter
1486,O'ahu,07 February 2018,62,69,57,Spring
1487,O'ahu,08 February 2018,60,68,55,Spring
1488,O'ahu,09 February 2018,60,70,54,Spring
1489,O'ahu,10 February 2018,58,61,55,Spring
1490,O'ahu,11 February 2018,60,69,52,Spring
1491,O'ahu,12 February 2018,60,66,54,Spring
1492,O'ahu,13 February 2018,65,74,57,Spring
1497,O'ahu,18 February 2018,61,68,57,Spring
1498,O'ahu,19 February 2018,64,73,58,Spring
1499,O'ahu,20 February 2018,63,72,57,Spring
1507,O'ahu,28 February 2018,61,66,58,Spring
1508,O'ahu,01 March 2018,62,67,58,Spring
1510,O'ahu,03 March 2018,63,70,56,Spring
1513,O'ahu,06 March 2018,63,72,57,Spring
1514,O'ahu,07 March 2018,62,72,57,Spring
1515,O'ahu,08 March 2018,62,70,56,Spring
1516,O'ahu,09 March 2018,59,66,56,Spring
1517,O'ahu,10 March 2018,60,69,54,Spring
1518,O'ahu,11 March 2018,60,68,55,Spring
1519,O'ahu,12 March 2018,61,69,57,Spring
1524,O'ahu,17 March 2018,63,68,58,Spring
1525,O'ahu,18 March 2018,64,71,58,Spring
1529,O'ahu,22 March 2018,60,65,57,Spring
1530,O'ahu,23 March 2018,62,68,58,Spring
1571,O'ahu,03 May 2018,71,81,67,Summer
1573,O'ahu,05 May 2018,64,71,58,Summer
1647,O'ahu,18 July 2018,71,78,67,Summer
1652,O'ahu,23 July 2018,73,83,67,Summer
1655,O'ahu,26 July 2018,73,82,67,Summer
1663,O'ahu,03 August 2018,71,79,67,Autumn
1668,O'ahu,08 August 2018,74,82,69,Autumn
1669,O'ahu,09 August 2018,72,79,67,Autumn
1670,O'ahu,10 August 2018,72,82,67,Autumn
1677,O'ahu,17 August 2018,73,81,67,Autumn
1678,O'ahu,18 August 2018,71,79,67,Autumn
1683,O'ahu,23 August 2018,69,70,67,Autumn
244,Maui,01 May 2016,65,76,60,Summer
245,Maui,02 May 2016,65,76,55,Summer
246,Maui,03 May 2016,66,75,57,Summer
247,Maui,04 May 2016,63,70,55,Summer
248,Maui,05 May 2016,64,74,56,Summer
249,Maui,06 May 2016,61,70,56,Summer
250,Maui,07 May 2016,60,68,55,Summer
251,Maui,08 May 2016,62,66,58,Summer
252,Maui,09 May 2016,62,70,58,Summer
253,Maui,10 May 2016,62,71,55,Summer
254,Maui,11 May 2016,62,67,59,Summer
255,Maui,12 May 2016,59,63,52,Summer
256,Maui,13 May 2016,61,69,54,Summer
257,Maui,14 May 2016,62,67,58,Summer
258,Maui,15 May 2016,64,76,56,Summer
259,Maui,16 May 2016,66,75,58,Summer
260,Maui,17 May 2016,64,72,59,Summer
261,Maui,18 May 2016,65,72,60,Summer
262,Maui,19 May 2016,65,72,59,Summer
263,Maui,20 May 2016,65,74,60,Summer
264,Maui,21 May 2016,65,73,60,Summer
265,Maui,22 May 2016,64,72,58,Summer
266,Maui,23 May 2016,66,76,60,Summer
267,Maui,24 May 2016,64,74,58,Summer
268,Maui,25 May 2016,61,67,58,Summer
269,Maui,26 May 2016,65,76,58,Summer
270,Maui,27 May 2016,65,75,58,Summer
271,Maui,28 May 2016,62,68,55,Summer
272,Maui,29 May 2016,61,69,53,Summer
273,Maui,30 May 2016,61,70,54,Summer
274,Maui,31 May 2016,60,69,55,Summer
275,Maui,01 June 2016,61,67,57,Summer
276,Maui,02 June 2016,62,69,57,Summer
277,Maui,03 June 2016,61,67,54,Summer
278,Maui,04 June 2016,60,64,55,Summer
279,Maui,05 June 2016,62,68,55,Summer
280,Maui,06 June 2016,64,71,59,Summer
281,Maui,07 June 2016,60,67,54,Summer
282,Maui,08 June 2016,62,72,52,Summer
283,Maui,09 June 2016,64,74,58,Summer
284,Maui,10 June 2016,64,74,56,Summer
285,Maui,11 June 2016,66,74,59,Summer
286,Maui,12 June 2016,66,77,60,Summer
287,Maui,13 June 2016,68,77,60,Summer
288,Maui,14 June 2016,84,92,76,Summer
289,Maui,15 June 2016,81,87,77,Summer
290,Maui,16 June 2016,79,87,74,Summer
291,Maui,17 June 2016,76,84,71,Summer
292,Maui,18 June 2016,73,81,62,Summer
293,Maui,19 June 2016,72,82,65,Summer
294,Maui,20 June 2016,73,83,65,Summer
295,Maui,21 June 2016,72,78,65,Summer
296,Maui,22 June 2016,76,84,69,Summer
297,Maui,23 June 2016,73,82,67,Summer
298,Maui,24 June 2016,74,82,66,Summer
299,Maui,25 June 2016,71,78,66,Summer
300,Maui,26 June 2016,71,80,62,Summer
301,Maui,27 June 2016,72,79,64,Summer
302,Maui,28 June 2016,71,83,63,Summer
303,Maui,29 June 2016,71,79,65,Summer
304,Maui,30 June 2016,79,89,69,Summer
305,Maui,01 July 2016,80,84,75,Summer
306,Maui,02 July 2016,72,79,68,Summer
307,Maui,03 July 2016,69,75,65,Summer
308,Maui,04 July 2016,72,82,66,Summer
309,Maui,05 July 2016,74,83,67,Summer
310,Maui,06 July 2016,73,82,64,Summer
311,Maui,07 July 2016,72,81,63,Summer
312,Maui,08 July 2016,70,79,61,Summer
313,Maui,09 July 2016,71,81,61,Summer
314,Maui,10 July 2016,71,80,64,Summer
315,Maui,11 July 2016,72,82,63,Summer
316,Maui,12 July 2016,72,81,65,Summer
317,Maui,13 July 2016,72,84,63,Summer
318,Maui,14 July 2016,72,81,64,Summer
319,Maui,15 July 2016,73,81,66,Summer
320,Maui,16 July 2016,73,83,65,Summer
321,Maui,17 July 2016,70,79,63,Summer
322,Maui,18 July 2016,69,77,63,Summer
323,Maui,19 July 2016,70,75,66,Summer
324,Maui,20 July 2016,73,81,67,Summer
325,Maui,21 July 2016,75,84,67,Summer
326,Maui,22 July 2016,71,81,62,Summer
327,Maui,23 July 2016,74,76,68,Summer
328,Maui,24 July 2016,71,75,68,Summer
329,Maui,25 July 2016,76,85,68,Summer
330,Maui,26 July 2016,80,89,71,Summer
331,Maui,27 July 2016,83,90,79,Summer
332,Maui,28 July 2016,79,88,70,Summer
333,Maui,29 July 2016,72,78,66,Summer
334,Maui,30 July 2016,74,82,68,Summer
335,Maui,31 July 2016,74,81,68,Summer
1,Maui,01 September 2015,68,78,64,Autumn
2,Maui,02 September 2015,68,73,63,Autumn
3,Maui,03 September 2015,69,78,64,Autumn
4,Maui,04 September 2015,67,75,60,Autumn
5,Maui,05 September 2015,68,77,60,Autumn
6,Maui,06 September 2015,67,75,61,Autumn
7,Maui,07 September 2015,68,75,62,Autumn
8,Maui,08 September 2015,68,77,63,Autumn
9,Maui,09 September 2015,67,76,61,Autumn
10,Maui,10 September 2015,68,77,61,Autumn
11,Maui,11 September 2015,68,78,63,Autumn
12,Maui,12 September 2015,70,80,60,Autumn
13,Maui,13 September 2015,69,78,64,Autumn
14,Maui,14 September 2015,71,82,63,Autumn
15,Maui,15 September 2015,69,74,64,Autumn
16,Maui,16 September 2015,69,80,63,Autumn
17,Maui,17 September 2015,68,79,60,Autumn
18,Maui,18 September 2015,68,75,63,Autumn
19,Maui,19 September 2015,70,79,63,Autumn
20,Maui,20 September 2015,70,79,64,Autumn
21,Maui,21 September 2015,72,81,67,Autumn
22,Maui,22 September 2015,70,79,64,Autumn
23,Maui,23 September 2015,67,75,62,Autumn
24,Maui,24 September 2015,70,80,63,Autumn
25,Maui,25 September 2015,72,84,66,Autumn
26,Maui,26 September 2015,70,74,66,Autumn
27,Maui,27 September 2015,69,76,64,Autumn
28,Maui,28 September 2015,68,78,63,Autumn
29,Maui,29 September 2015,70,79,64,Autumn
30,Maui,30 September 2015,67,77,61,Autumn
31,Maui,01 October 2015,66,76,56,Autumn
32,Maui,02 October 2015,63,76,56,Autumn
33,Maui,03 October 2015,66,77,57,Autumn
34,Maui,04 October 2015,71,77,64,Autumn
35,Maui,05 October 2015,69,78,64,Autumn
36,Maui,06 October 2015,65,72,60,Autumn
37,Maui,07 October 2015,61,70,55,Autumn
38,Maui,08 October 2015,64,69,58,Autumn
39,Maui,09 October 2015,66,78,58,Autumn
40,Maui,10 October 2015,70,81,61,Autumn
41,Maui,11 October 2015,69,76,62,Autumn
42,Maui,12 October 2015,66,75,60,Autumn
43,Maui,13 October 2015,67,77,59,Autumn
44,Maui,14 October 2015,66,77,58,Autumn
45,Maui,15 October 2015,66,73,61,Autumn
46,Maui,16 October 2015,69,76,63,Autumn
47,Maui,17 October 2015,70,76,66,Autumn
48,Maui,18 October 2015,67,78,59,Autumn
49,Maui,19 October 2015,67,79,56,Autumn
50,Maui,20 October 2015,68,78,63,Autumn
51,Maui,21 October 2015,69,78,64,Autumn
52,Maui,22 October 2015,66,76,57,Autumn
53,Maui,23 October 2015,65,74,59,Autumn
54,Maui,24 October 2015,62,72,56,Autumn
55,Maui,25 October 2015,63,73,55,Autumn
56,Maui,26 October 2015,63,72,56,Autumn
57,Maui,27 October 2015,66,76,59,Autumn
58,Maui,28 October 2015,66,75,59,Autumn
59,Maui,29 October 2015,66,76,58,Autumn
60,Maui,30 October 2015,68,78,61,Autumn
61,Maui,31 October 2015,69,79,61,Autumn
336,Maui,01 August 2016,72,80,66,Autumn
337,Maui,02 August 2016,74,84,67,Autumn
338,Maui,03 August 2016,73,84,62,Autumn
339,Maui,04 August 2016,72,83,67,Autumn
340,Maui,05 August 2016,73,81,65,Autumn
341,Maui,06 August 2016,74,81,67,Autumn
342,Maui,07 August 2016,72,80,65,Autumn
343,Maui,08 August 2016,72,82,64,Autumn
344,Maui,09 August 2016,71,81,64,Autumn
345,Maui,10 August 2016,73,84,64,Autumn
346,Maui,11 August 2016,73,82,62,Autumn
347,Maui,12 August 2016,75,83,68,Autumn
348,Maui,13 August 2016,72,82,65,Autumn
349,Maui,14 August 2016,73,83,64,Autumn
350,Maui,15 August 2016,72,80,67,Autumn
351,Maui,16 August 2016,70,79,64,Autumn
352,Maui,17 August 2016,70,77,62,Autumn
353,Maui,18 August 2016,73,84,63,Autumn
354,Maui,19 August 2016,72,81,64,Autumn
355,Maui,20 August 2016,75,82,68,Autumn
356,Maui,21 August 2016,74,82,66,Autumn
357,Maui,22 August 2016,71,78,68,Autumn
358,Maui,23 August 2016,72,78,68,Autumn
359,Maui,24 August 2016,72,78,68,Autumn
360,Maui,25 August 2016,71,81,63,Autumn
361,Maui,26 August 2016,71,79,65,Autumn
362,Maui,27 August 2016,69,76,61,Autumn
363,Maui,28 August 2016,71,81,65,Autumn
364,Maui,29 August 2016,70,77,63,Autumn
365,Maui,30 August 2016,72,81,63,Autumn
366,Maui,31 August 2016,73,77,70,Autumn
367,Maui,01 September 2016,73,85,67,Autumn
368,Maui,02 September 2016,74,85,67,Autumn
369,Maui,03 September 2016,69,77,66,Autumn
370,Maui,04 September 2016,70,76,65,Autumn
371,Maui,05 September 2016,69,79,63,Autumn
372,Maui,06 September 2016,71,79,62,Autumn
373,Maui,07 September 2016,72,81,67,Autumn
374,Maui,08 September 2016,73,81,67,Autumn
375,Maui,09 September 2016,72,82,65,Autumn
376,Maui,10 September 2016,72,82,65,Autumn
377,Maui,11 September 2016,70,76,66,Autumn
378,Maui,12 September 2016,74,82,68,Autumn
379,Maui,13 September 2016,72,83,67,Autumn
380,Maui,14 September 2016,69,78,64,Autumn
381,Maui,15 September 2016,72,80,68,Autumn
382,Maui,16 September 2016,74,81,68,Autumn
383,Maui,17 September 2016,73,81,69,Autumn
384,Maui,18 September 2016,73,81,64,Autumn
385,Maui,19 September 2016,68,75,61,Autumn
386,Maui,20 September 2016,69,76,62,Autumn
387,Maui,21 September 2016,70,79,62,Autumn
388,Maui,22 September 2016,74,82,66,Autumn
389,Maui,23 September 2016,71,80,68,Autumn
390,Maui,24 September 2016,71,80,64,Autumn
391,Maui,25 September 2016,70,78,62,Autumn
392,Maui,26 September 2016,72,79,68,Autumn
393,Maui,27 September 2016,70,80,60,Autumn
394,Maui,28 September 2016,71,82,61,Autumn
395,Maui,29 September 2016,74,87,66,Autumn
396,Maui,30 September 2016,74,83,68,Autumn
397,Maui,01 October 2016,72,80,66,Autumn
398,Maui,02 October 2016,72,81,66,Autumn
399,Maui,03 October 2016,69,78,65,Autumn
400,Maui,04 October 2016,70,76,66,Autumn
401,Maui,05 October 2016,69,78,64,Autumn
402,Maui,06 October 2016,70,81,64,Autumn
403,Maui,07 October 2016,69,79,61,Autumn
404,Maui,08 October 2016,68,80,61,Autumn
405,Maui,09 October 2016,69,78,60,Autumn
406,Maui,10 October 2016,70,81,61,Autumn
407,Maui,11 October 2016,71,80,64,Autumn
408,Maui,12 October 2016,72,85,60,Autumn
409,Maui,13 October 2016,83,96,66,Autumn
410,Maui,14 October 2016,87,95,83,Autumn
411,Maui,15 October 2016,82,95,72,Autumn
412,Maui,16 October 2016,80,91,71,Autumn
413,Maui,17 October 2016,84,92,76,Autumn
414,Maui,18 October 2016,85,94,77,Autumn
415,Maui,19 October 2016,85,93,80,Autumn
416,Maui,20 October 2016,85,94,78,Autumn
417,Maui,21 October 2016,79,82,78,Autumn
418,Maui,22 October 2016,81,90,77,Autumn
419,Maui,23 October 2016,82,89,78,Autumn
420,Maui,24 October 2016,83,93,74,Autumn
421,Maui,25 October 2016,80,90,71,Autumn
422,Maui,26 October 2016,81,90,71,Autumn
423,Maui,27 October 2016,80,88,73,Autumn
424,Maui,28 October 2016,79,87,75,Autumn
425,Maui,29 October 2016,79,85,76,Autumn
426,Maui,30 October 2016,79,84,76,Autumn
427,Maui,31 October 2016,80,87,77,Autumn
154,Maui,01 February 2016,59,68,54,Spring
155,Maui,02 February 2016,60,70,53,Spring
156,Maui,03 February 2016,61,73,51,Spring
157,Maui,04 February 2016,60,72,51,Spring
158,Maui,05 February 2016,61,72,54,Spring
159,Maui,06 February 2016,59,68,52,Spring
160,Maui,07 February 2016,56,62,52,Spring
161,Maui,08 February 2016,54,66,45,Spring
162,Maui,09 February 2016,54,64,46,Spring
163,Maui,10 February 2016,56,65,48,Spring
164,Maui,11 February 2016,60,70,50,Spring
165,Maui,12 February 2016,65,71,59,Spring
166,Maui,13 February 2016,64,72,57,Spring
167,Maui,14 February 2016,62,71,52,Spring
168,Maui,15 February 2016,62,73,57,Spring
169,Maui,16 February 2016,63,73,57,Spring
170,Maui,17 February 2016,64,75,52,Spring
171,Maui,18 February 2016,62,73,50,Spring
172,Maui,19 February 2016,58,70,50,Spring
173,Maui,20 February 2016,57,66,50,Spring
174,Maui,21 February 2016,56,62,49,Spring
175,Maui,22 February 2016,56,64,50,Spring
176,Maui,23 February 2016,57,68,50,Spring
177,Maui,24 February 2016,59,66,55,Spring
178,Maui,25 February 2016,60,73,51,Spring
179,Maui,26 February 2016,59,68,52,Spring
180,Maui,27 February 2016,61,75,52,Spring
181,Maui,28 February 2016,58,69,51,Spring
182,Maui,29 February 2016,58,69,50,Spring
183,Maui,01 March 2016,59,71,52,Spring
184,Maui,02 March 2016,58,65,52,Spring
185,Maui,03 March 2016,58,69,52,Spring
186,Maui,04 March 2016,58,68,50,Spring
187,Maui,05 March 2016,58,66,50,Spring
188,Maui,06 March 2016,61,72,52,Spring
189,Maui,07 March 2016,60,75,52,Spring
190,Maui,08 March 2016,58,63,53,Spring
191,Maui,09 March 2016,56,59,46,Spring
192,Maui,10 March 2016,59,69,46,Spring
193,Maui,11 March 2016,60,68,54,Spring
194,Maui,12 March 2016,62,70,55,Spring
195,Maui,13 March 2016,61,70,55,Spring
196,Maui,14 March 2016,61,70,55,Spring
197,Maui,15 March 2016,60,68,54,Spring
198,Maui,16 March 2016,59,68,52,Spring
199,Maui,17 March 2016,57,66,50,Spring
200,Maui,18 March 2016,58,68,51,Spring
201,Maui,19 March 2016,59,68,50,Spring
202,Maui,20 March 2016,62,70,53,Spring
203,Maui,21 March 2016,63,71,58,Spring
204,Maui,22 March 2016,60,67,54,Spring
205,Maui,23 March 2016,60,69,54,Spring
206,Maui,24 March 2016,60,70,53,Spring
207,Maui,25 March 2016,60,64,56,Spring
208,Maui,26 March 2016,59,67,53,Spring
209,Maui,27 March 2016,58,68,50,Spring
210,Maui,28 March 2016,59,67,51,Spring
211,Maui,29 March 2016,60,67,53,Spring
212,Maui,30 March 2016,58,65,51,Spring
213,Maui,31 March 2016,58,68,50,Spring
214,Maui,01 April 2016,62,74,52,Spring
215,Maui,02 April 2016,61,71,53,Spring
216,Maui,03 April 2016,63,71,54,Spring
217,Maui,04 April 2016,62,71,57,Spring
218,Maui,05 April 2016,62,73,54,Spring
219,Maui,06 April 2016,63,72,57,Spring
220,Maui,07 April 2016,67,75,60,Spring
221,Maui,08 April 2016,65,74,60,Spring
222,Maui,09 April 2016,64,73,54,Spring
223,Maui,10 April 2016,62,71,53,Spring
224,Maui,11 April 2016,64,72,58,Spring
225,Maui,12 April 2016,65,72,60,Spring
226,Maui,13 April 2016,63,70,59,Spring
227,Maui,14 April 2016,65,72,59,Spring
228,Maui,15 April 2016,64,73,57,Spring
229,Maui,16 April 2016,62,70,55,Spring
230,Maui,17 April 2016,61,72,51,Spring
231,Maui,18 April 2016,63,70,57,Spring
232,Maui,19 April 2016,60,68,55,Spring
233,Maui,20 April 2016,61,72,53,Spring
234,Maui,21 April 2016,62,72,52,Spring
235,Maui,22 April 2016,63,72,56,Spring
236,Maui,23 April 2016,63,72,59,Spring
237,Maui,24 April 2016,65,74,60,Spring
238,Maui,25 April 2016,63,73,53,Spring
239,Maui,26 April 2016,64,73,59,Spring
240,Maui,27 April 2016,63,71,59,Spring
241,Maui,28 April 2016,62,68,57,Spring
242,Maui,29 April 2016,63,71,58,Spring
243,Maui,30 April 2016,63,74,55,Spring
520,Maui,01 February 2017,64,74,56,Spring
521,Maui,02 February 2017,64,76,55,Spring
522,Maui,03 February 2017,65,75,59,Spring
523,Maui,04 February 2017,66,73,59,Spring
524,Maui,05 February 2017,69,76,60,Spring
525,Maui,06 February 2017,70,72,68,Spring
526,Maui,07 February 2017,72,81,67,Spring
527,Maui,08 February 2017,65,70,60,Spring
528,Maui,09 February 2017,65,71,58,Spring
529,Maui,10 February 2017,69,79,61,Spring
530,Maui,11 February 2017,75,90,69,Spring
531,Maui,12 February 2017,72,77,66,Spring
532,Maui,13 February 2017,72,79,66,Spring
533,Maui,14 February 2017,73,76,68,Spring
534,Maui,15 February 2017,76,84,69,Spring
535,Maui,16 February 2017,76,88,68,Spring
536,Maui,17 February 2017,74,84,67,Spring
537,Maui,18 February 2017,72,80,66,Spring
538,Maui,19 February 2017,73,83,66,Spring
539,Maui,20 February 2017,73,82,66,Spring
540,Maui,21 February 2017,73,82,67,Spring
541,Maui,22 February 2017,72,81,63,Spring
542,Maui,23 February 2017,69,82,61,Spring
543,Maui,24 February 2017,68,80,59,Spring
544,Maui,25 February 2017,67,75,61,Spring
545,Maui,26 February 2017,71,82,65,Spring
546,Maui,27 February 2017,70,73,65,Spring
547,Maui,28 February 2017,71,78,68,Spring
548,Maui,01 March 2017,71,75,67,Spring
549,Maui,02 March 2017,75,82,70,Spring
550,Maui,03 March 2017,75,86,68,Spring
551,Maui,04 March 2017,74,86,69,Spring
552,Maui,05 March 2017,72,80,65,Spring
553,Maui,06 March 2017,71,78,65,Spring
554,Maui,07 March 2017,71,81,65,Spring
555,Maui,08 March 2017,73,84,66,Spring
556,Maui,09 March 2017,72,79,67,Spring
557,Maui,10 March 2017,74,86,66,Spring
558,Maui,11 March 2017,74,83,68,Spring
559,Maui,12 March 2017,74,85,68,Spring
560,Maui,13 March 2017,75,83,67,Spring
561,Maui,14 March 2017,74,84,68,Spring
562,Maui,15 March 2017,74,84,67,Spring
563,Maui,16 March 2017,75,86,67,Spring
564,Maui,17 March 2017,73,82,66,Spring
565,Maui,18 March 2017,72,80,67,Spring
566,Maui,19 March 2017,77,86,67,Spring
567,Maui,20 March 2017,76,85,66,Spring
568,Maui,21 March 2017,79,91,69,Spring
569,Maui,22 March 2017,77,88,67,Spring
570,Maui,23 March 2017,76,85,68,Spring
571,Maui,24 March 2017,78,88,71,Spring
572,Maui,25 March 2017,81,91,72,Spring
573,Maui,26 March 2017,79,85,73,Spring
574,Maui,27 March 2017,74,84,68,Spring
575,Maui,28 March 2017,74,85,68,Spring
576,Maui,29 March 2017,75,83,69,Spring
577,Maui,30 March 2017,74,83,69,Spring
578,Maui,31 March 2017,75,84,68,Spring
579,Maui,01 April 2017,75,83,71,Spring
580,Maui,02 April 2017,77,84,71,Spring
581,Maui,03 April 2017,76,84,66,Spring
582,Maui,04 April 2017,74,84,64,Spring
583,Maui,05 April 2017,74,85,65,Spring
584,Maui,06 April 2017,74,85,64,Spring
585,Maui,07 April 2017,78,92,69,Spring
586,Maui,08 April 2017,74,83,64,Spring
587,Maui,09 April 2017,74,84,64,Spring
588,Maui,10 April 2017,74,83,68,Spring
589,Maui,11 April 2017,76,87,70,Spring
590,Maui,12 April 2017,76,86,68,Spring
591,Maui,13 April 2017,75,84,68,Spring
592,Maui,14 April 2017,73,78,69,Spring
593,Maui,15 April 2017,73,82,66,Spring
594,Maui,16 April 2017,73,83,65,Spring
595,Maui,17 April 2017,75,83,69,Spring
596,Maui,18 April 2017,76,86,70,Spring
597,Maui,19 April 2017,71,81,68,Spring
62,Maui,01 November 2015,65,76,58,Winter
63,Maui,02 November 2015,65,74,57,Winter
64,Maui,03 November 2015,65,75,60,Winter
65,Maui,04 November 2015,66,74,60,Winter
66,Maui,05 November 2015,66,70,63,Winter
67,Maui,06 November 2015,66,73,63,Winter
68,Maui,07 November 2015,65,70,62,Winter
69,Maui,08 November 2015,66,74,61,Winter
70,Maui,09 November 2015,63,72,60,Winter
71,Maui,10 November 2015,65,73,60,Winter
72,Maui,11 November 2015,63,69,61,Winter
73,Maui,12 November 2015,65,73,61,Winter
74,Maui,13 November 2015,64,69,60,Winter
75,Maui,14 November 2015,62,70,58,Winter
76,Maui,15 November 2015,62,69,57,Winter
77,Maui,16 November 2015,62,70,58,Winter
78,Maui,17 November 2015,62,70,59,Winter
79,Maui,18 November 2015,67,74,61,Winter
80,Maui,19 November 2015,65,71,61,Winter
81,Maui,20 November 2015,64,69,62,Winter
82,Maui,21 November 2015,64,74,60,Winter
83,Maui,22 November 2015,63,66,59,Winter
84,Maui,23 November 2015,63,66,59,Winter
85,Maui,24 November 2015,63,67,59,Winter
86,Maui,25 November 2015,65,71,60,Winter
87,Maui,26 November 2015,69,77,65,Winter
88,Maui,27 November 2015,68,75,61,Winter
89,Maui,28 November 2015,68,75,62,Winter
90,Maui,29 November 2015,65,71,60,Winter
91,Maui,30 November 2015,63,72,53,Winter
92,Maui,01 December 2015,61,72,52,Winter
93,Maui,02 December 2015,61,73,52,Winter
94,Maui,03 December 2015,64,74,52,Winter
95,Maui,04 December 2015,60,72,51,Winter
96,Maui,05 December 2015,60,72,52,Winter
97,Maui,06 December 2015,61,71,52,Winter
98,Maui,07 December 2015,61,73,51,Winter
99,Maui,08 December 2015,62,72,54,Winter
100,Maui,09 December 2015,69,81,53,Winter
101,Maui,10 December 2015,65,74,59,Winter
102,Maui,11 December 2015,63,71,58,Winter
103,Maui,12 December 2015,63,69,59,Winter
104,Maui,13 December 2015,63,75,51,Winter
105,Maui,14 December 2015,65,75,59,Winter
106,Maui,15 December 2015,63,71,55,Winter
107,Maui,16 December 2015,62,70,57,Winter
108,Maui,17 December 2015,60,65,57,Winter
109,Maui,18 December 2015,60,63,56,Winter
110,Maui,19 December 2015,60,65,56,Winter
111,Maui,20 December 2015,58,61,55,Winter
112,Maui,21 December 2015,60,66,56,Winter
113,Maui,22 December 2015,61,68,57,Winter
114,Maui,23 December 2015,62,73,55,Winter
115,Maui,24 December 2015,64,74,57,Winter
116,Maui,25 December 2015,66,74,60,Winter
117,Maui,26 December 2015,62,65,57,Winter
118,Maui,27 December 2015,64,70,59,Winter
119,Maui,28 December 2015,62,70,55,Winter
120,Maui,29 December 2015,60,69,53,Winter
121,Maui,30 December 2015,58,67,52,Winter
122,Maui,31 December 2015,58,65,51,Winter
123,Maui,01 January 2016,56,66,48,Winter
124,Maui,02 January 2016,58,68,50,Winter
125,Maui,03 January 2016,58,64,49,Winter
126,Maui,04 January 2016,58,68,48,Winter
127,Maui,05 January 2016,61,68,56,Winter
128,Maui,06 January 2016,60,65,57,Winter
129,Maui,07 January 2016,60,70,52,Winter
130,Maui,08 January 2016,60,69,53,Winter
131,Maui,09 January 2016,58,69,53,Winter
132,Maui,10 January 2016,59,68,53,Winter
133,Maui,11 January 2016,59,68,54,Winter
134,Maui,12 January 2016,60,71,52,Winter
135,Maui,13 January 2016,59,69,52,Winter
136,Maui,14 January 2016,58,69,51,Winter
137,Maui,15 January 2016,60,70,52,Winter
138,Maui,16 January 2016,60,69,52,Winter
139,Maui,17 January 2016,59,70,51,Winter
140,Maui,18 January 2016,59,68,51,Winter
141,Maui,19 January 2016,58,68,52,Winter
142,Maui,20 January 2016,58,67,50,Winter
143,Maui,21 January 2016,59,69,52,Winter
144,Maui,22 January 2016,65,75,56,Winter
145,Maui,23 January 2016,62,76,53,Winter
146,Maui,24 January 2016,61,71,54,Winter
147,Maui,25 January 2016,59,69,53,Winter
148,Maui,26 January 2016,60,71,53,Winter
149,Maui,27 January 2016,60,70,53,Winter
150,Maui,28 January 2016,62,70,54,Winter
151,Maui,29 January 2016,59,67,52,Winter
152,Maui,30 January 2016,57,65,50,Winter
153,Maui,31 January 2016,62,70,54,Winter
428,Maui,01 November 2016,83,93,72,Winter
429,Maui,02 November 2016,78,88,69,Winter
430,Maui,03 November 2016,79,88,70,Winter
431,Maui,04 November 2016,80,90,70,Winter
432,Maui,05 November 2016,84,97,75,Winter
433,Maui,06 November 2016,78,89,71,Winter
434,Maui,07 November 2016,77,87,69,Winter
435,Maui,08 November 2016,79,88,72,Winter
436,Maui,09 November 2016,76,85,71,Winter
437,Maui,10 November 2016,78,89,71,Winter
438,Maui,11 November 2016,79,90,72,Winter
439,Maui,12 November 2016,78,87,71,Winter
440,Maui,13 November 2016,82,91,74,Winter
441,Maui,14 November 2016,84,95,78,Winter
442,Maui,15 November 2016,82,89,77,Winter
443,Maui,16 November 2016,82,94,75,Winter
444,Maui,17 November 2016,83,94,71,Winter
445,Maui,18 November 2016,83,91,76,Winter
446,Maui,19 November 2016,81,89,76,Winter
447,Maui,20 November 2016,78,90,73,Winter
448,Maui,21 November 2016,75,77,73,Winter
449,Maui,22 November 2016,75,79,71,Winter
450,Maui,23 November 2016,74,78,70,Winter
451,Maui,24 November 2016,73,76,71,Winter
452,Maui,25 November 2016,71,75,68,Winter
453,Maui,26 November 2016,70,73,67,Winter
454,Maui,27 November 2016,71,75,68,Winter
455,Maui,28 November 2016,72,81,68,Winter
456,Maui,29 November 2016,70,75,68,Winter
457,Maui,30 November 2016,70,73,68,Winter
458,Maui,01 December 2016,69,72,65,Winter
459,Maui,02 December 2016,70,75,67,Winter
460,Maui,03 December 2016,71,77,67,Winter
461,Maui,04 December 2016,72,81,68,Winter
462,Maui,05 December 2016,73,80,69,Winter
463,Maui,06 December 2016,73,79,69,Winter
464,Maui,07 December 2016,74,82,68,Winter
465,Maui,08 December 2016,74,76,72,Winter
466,Maui,09 December 2016,74,78,72,Winter
467,Maui,10 December 2016,74,77,72,Winter
468,Maui,11 December 2016,73,75,70,Winter
469,Maui,12 December 2016,71,75,65,Winter
470,Maui,13 December 2016,67,75,60,Winter
471,Maui,14 December 2016,67,75,61,Winter
472,Maui,15 December 2016,67,73,62,Winter
473,Maui,16 December 2016,67,71,63,Winter
474,Maui,17 December 2016,68,76,62,Winter
475,Maui,18 December 2016,70,75,65,Winter
476,Maui,19 December 2016,77,87,68,Winter
477,Maui,20 December 2016,83,88,79,Winter
478,Maui,21 December 2016,74,82,66,Winter
479,Maui,22 December 2016,75,83,71,Winter
480,Maui,23 December 2016,75,86,69,Winter
481,Maui,24 December 2016,75,82,71,Winter
482,Maui,25 December 2016,74,82,69,Winter
483,Maui,26 December 2016,75,87,69,Winter
484,Maui,27 December 2016,75,85,68,Winter
485,Maui,28 December 2016,73,80,68,Winter
486,Maui,29 December 2016,71,76,65,Winter
487,Maui,30 December 2016,69,76,64,Winter
488,Maui,31 December 2016,69,77,65,Winter
489,Maui,01 January 2017,69,74,66,Winter
490,Maui,02 January 2017,69,78,62,Winter
491,Maui,03 January 2017,66,73,61,Winter
492,Maui,04 January 2017,66,75,59,Winter
493,Maui,05 January 2017,67,76,60,Winter
494,Maui,06 January 2017,64,71,59,Winter
495,Maui,07 January 2017,64,73,58,Winter
496,Maui,08 January 2017,65,75,58,Winter
497,Maui,09 January 2017,66,76,58,Winter
498,Maui,10 January 2017,68,78,61,Winter
499,Maui,11 January 2017,72,84,63,Winter
500,Maui,12 January 2017,73,84,63,Winter
501,Maui,13 January 2017,72,81,65,Winter
502,Maui,14 January 2017,69,75,63,Winter
503,Maui,15 January 2017,71,82,62,Winter
504,Maui,16 January 2017,77,89,67,Winter
505,Maui,17 January 2017,80,85,72,Winter
506,Maui,18 January 2017,82,87,78,Winter
507,Maui,19 January 2017,75,82,62,Winter
508,Maui,20 January 2017,65,71,61,Winter
509,Maui,21 January 2017,69,81,60,Winter
510,Maui,22 January 2017,69,77,65,Winter
511,Maui,23 January 2017,70,79,66,Winter
512,Maui,24 January 2017,71,79,66,Winter
513,Maui,25 January 2017,70,77,63,Winter
514,Maui,26 January 2017,70,78,62,Winter
515,Maui,27 January 2017,67,78,58,Winter
516,Maui,28 January 2017,67,73,59,Winter
517,Maui,29 January 2017,66,75,60,Winter
518,Maui,30 January 2017,65,76,57,Winter
519,Maui,31 January 2017,65,76,57,Winter
1693,Hawai'i,01 September 2018,69,77,60,Autumn
